seed,method,split,group,n,delta_recall15,delta_within_recall15,delta_abs_log_radius15,delta_within_abs_log_radius15,delta_log_radius15
0,pca,reference,internal,4000,0.0,0.0,8.051892486094221e-17,7.2386541205563e-17,2.6284530108002577e-17
0,pca,reference,A_spiral,1334,0.0,0.0,4.510801194504003e-16,4.4017762947844424e-16,-9.054892434724538e-17
0,pca,reference,B_tree,1332,0.0,0.0,-4.484234138501053e-17,-5.117694723122008e-17,-2.6838724769466923e-17
0,pca,reference,C_ellipse,1334,0.0,0.0,-1.6486895140796942e-16,-1.7202631123688721e-16,1.9616159438093361e-16
0,pca,query,internal,2000,0.0,0.0,2.7516877665334213e-16,2.687294831105162e-16,-3.047562202596544e-17
0,pca,query,A_spiral,667,0.0,0.0,4.554078253934717e-16,4.534104226505179e-16,-6.99756760948157e-16
0,pca,query,B_tree,666,0.0,0.0,-1.171902081548776e-16,-1.3519382477042073e-16,-1.6836715538608548e-17
0,pca,query,C_ellipse,667,0.0,0.0,4.867004683663975e-16,4.873662692807154e-16,6.251870585445326e-16
0,umap,reference,internal,4000,-0.006166666666666666,-0.005683333333333333,0.0038270020031490235,0.003702011963405434,0.014898781659814158
0,umap,reference,A_spiral,1334,-0.014742628685657167,-0.014842578710644674,0.01319836118063195,0.013083410199158688,0.025124833344658464
0,umap,reference,B_tree,1332,0.001451451451451451,0.0025525525525525524,-0.003131327327218128,-0.0035946951916577268,0.03351741342286072
0,umap,reference,C_ellipse,1334,-0.0051974012993503274,-0.004747626186906549,0.0014035398781766354,0.00160638129177822,-0.013917987797427474
0,umap,query,internal,2000,-0.006966666666666666,-0.006533333333333333,-0.0012554291794063522,-0.0014336556148438063,0.012225306676818114
0,umap,query,A_spiral,667,-0.01699150424787606,-0.016391804097951025,0.004065829645054248,0.004374175267329345,0.029301324698443418
0,umap,query,B_tree,666,0.002002002002002004,0.0028028028028028048,-0.013193221236848848,-0.013680669163019351,0.02823794224836253
0,umap,query,C_ellipse,667,-0.005897051474262871,-0.005997001499250376,0.00534320631435898,0.004987165711506141,-0.020839339966469226
0,uniform,reference,internal,4000,0.004699999999999998,0.009066666666666664,-0.0017162821455635707,-0.0018683876557733265,0.06760214925964751
0,uniform,reference,A_spiral,1334,0.01859070464767616,0.01894052973513243,-0.0034742611331807917,-0.0031051376248895745,-0.019839679584078417
0,uniform,reference,B_tree,1332,-0.0027527527527527536,0.004354354354354354,0.04358149730579241,0.05338360080301404,0.12781554070628276
0,uniform,reference,C_ellipse,1334,-0.0017491254372813592,0.003898050974512743,-0.04518816989648171,-0.055800789581038485,0.0949208616064333
0,uniform,query,internal,2000,0.0062,0.009766666666666667,-0.006939128626921248,-0.006669495126210176,0.06835740015195747
0,uniform,query,A_spiral,667,0.01939030484757621,0.020089955022488754,-0.004287538930986494,-0.004140455437342822,-0.016729603449064254
0,uniform,query,B_tree,666,-0.003803803803803801,0.0019019019019019038,0.03283329489209984,0.04118712398903718,0.12087348911242601
0,uniform,query,C_ellipse,667,0.00299850074962519,0.00729635182408796,-0.049303513021009,-0.05698340487617909,0.10100704955856836
0,fitgrid,reference,internal,4000,0.004699999999999998,0.009066666666666664,-0.0017162821455635707,-0.0018683876557733265,0.06760214925964751
0,fitgrid,reference,A_spiral,1334,0.01859070464767616,0.01894052973513243,-0.0034742611331807917,-0.0031051376248895745,-0.019839679584078417
0,fitgrid,reference,B_tree,1332,-0.0027527527527527536,0.004354354354354354,0.04358149730579241,0.05338360080301404,0.12781554070628276
0,fitgrid,reference,C_ellipse,1334,-0.0017491254372813592,0.003898050974512743,-0.04518816989648171,-0.055800789581038485,0.0949208616064333
0,fitgrid,query,internal,2000,0.005966666666666667,0.009600000000000001,-0.006380129749873459,-0.006112403506512226,0.06755787386412224
0,fitgrid,query,A_spiral,667,0.019190404797601198,0.019790104947526237,-0.003985059149874773,-0.003842619320520486,-0.01687616005939622
0,fitgrid,query,B_tree,666,-0.003903903903903901,0.002002002002002003,0.032734026343843266,0.04104598626844489,0.12071582608850825
0,fitgrid,query,C_ellipse,667,0.0025987006496751663,0.006996501749125442,-0.04783071453040488,-0.055469875233915424,0.09891365264305134
1,pca,reference,internal,4000,0.0,0.0,8.051892486094221e-17,7.2386541205563e-17,2.6284530108002577e-17
1,pca,reference,A_spiral,1334,0.0,0.0,4.510801194504003e-16,4.4017762947844424e-16,-9.054892434724538e-17
1,pca,reference,B_tree,1332,0.0,0.0,-4.484234138501053e-17,-5.117694723122008e-17,-2.6838724769466923e-17
1,pca,reference,C_ellipse,1334,0.0,0.0,-1.6486895140796942e-16,-1.7202631123688721e-16,1.9616159438093361e-16
1,pca,query,internal,2000,0.0,0.0,2.7516877665334213e-16,2.687294831105162e-16,-3.047562202596544e-17
1,pca,query,A_spiral,667,0.0,0.0,4.554078253934717e-16,4.534104226505179e-16,-6.99756760948157e-16
1,pca,query,B_tree,666,0.0,0.0,-1.171902081548776e-16,-1.3519382477042073e-16,-1.6836715538608548e-17
1,pca,query,C_ellipse,667,0.0,0.0,4.867004683663975e-16,4.873662692807154e-16,6.251870585445326e-16
1,umap,reference,internal,4000,0.0007999999999999997,0.0020833333333333324,-0.01415119738056621,-0.014064525453526931,0.03209249936345181
1,umap,reference,A_spiral,1334,0.0013493253373313308,0.0035482258870564677,-0.015884551467921,-0.015760723695664055,0.005628330602813829
1,umap,reference,B_tree,1332,0.0006506506506506528,0.0019019019019019042,-0.015181772266461295,-0.015337756948610995,0.0423996399769812
1,umap,reference,C_ellipse,1334,0.00039980009995002554,0.0007996001999000503,-0.011388813497100279,-0.011097004609101962,0.04826498049498846
1,umap,query,internal,2000,0.0025333333333333323,0.0033999999999999985,-0.012844089048458102,-0.013050021980602294,0.03246018632199729
1,umap,query,A_spiral,667,0.004697651174412794,0.00689655172413793,-0.020277124235994363,-0.01927531168908283,0.008462720124059214
1,umap,query,B_tree,666,0.0011011011011011016,0.0018018018018018018,-0.008497858802500924,-0.009373525884282911,0.05113681049614665
1,umap,query,C_ellipse,667,0.001799100449775108,0.00149925037481259,-0.009750768019553747,-0.010495716380290728,0.03780902928157934
1,uniform,reference,internal,4000,-0.010750000000000003,-0.006083333333333334,0.003511683997187534,0.0065589293236637015,0.0359421867630339
1,uniform,reference,A_spiral,1334,-0.006946526736631685,-0.006896551724137932,-0.0030673825720450845,-0.002021002731032441,0.029731789667274442
1,uniform,reference,B_tree,1332,-0.008208208208208211,-0.0014014014014014041,0.002452996781481099,0.012475594981512354,0.04317015116451763
1,uniform,reference,C_ellipse,1334,-0.017091454272863568,-0.00994502748625687,0.011147850544921626,0.009231066283716357,0.03493545598564769
1,uniform,query,internal,2000,-0.008266666666666667,-0.0032,0.006872393876820535,0.009055124806195072,0.03627135236106364
1,uniform,query,A_spiral,667,-0.007096451774112945,-0.006796601699150426,-0.0015705585904319066,-0.0004214404243985501,0.03104090741570016
1,uniform,query,B_tree,666,-0.004004004004004005,0.004604604604604604,0.004680581879066644,0.012892416256072056,0.0529943776516865
1,uniform,query,C_ellipse,667,-0.013693153423288355,-0.007396301849075463,0.01750387226686772,0.014700151647556205,0.024803844017739236
1,fitgrid,reference,internal,4000,-0.010750000000000003,-0.006083333333333334,0.003511683997187534,0.0065589293236637015,0.0359421867630339
1,fitgrid,reference,A_spiral,1334,-0.006946526736631685,-0.006896551724137932,-0.0030673825720450845,-0.002021002731032441,0.029731789667274442
1,fitgrid,reference,B_tree,1332,-0.008208208208208211,-0.0014014014014014041,0.002452996781481099,0.012475594981512354,0.04317015116451763
1,fitgrid,reference,C_ellipse,1334,-0.017091454272863568,-0.00994502748625687,0.011147850544921626,0.009231066283716357,0.03493545598564769
1,fitgrid,query,internal,2000,-0.008400000000000001,-0.0031999999999999997,0.006992910041457488,0.009168362062883819,0.03620338760873926
1,fitgrid,query,A_spiral,667,-0.007396301849075463,-0.007096451774112942,-0.0017678043296413017,-0.0006243219723494251,0.030864681539425606
1,fitgrid,query,B_tree,666,-0.004104104104104105,0.004404404404404405,0.004313141300216412,0.012509771208948627,0.05382895774032937
1,fitgrid,query,C_ellipse,667,-0.013693153423288357,-0.006896551724137932,0.018429375509507632,0.015624646560966895,0.023942948689088864
2,pca,reference,internal,4000,0.0,0.0,8.051892486094221e-17,7.2386541205563e-17,2.6284530108002577e-17
2,pca,reference,A_spiral,1334,0.0,0.0,4.510801194504003e-16,4.4017762947844424e-16,-9.054892434724538e-17
2,pca,reference,B_tree,1332,0.0,0.0,-4.484234138501053e-17,-5.117694723122008e-17,-2.6838724769466923e-17
2,pca,reference,C_ellipse,1334,0.0,0.0,-1.6486895140796942e-16,-1.7202631123688721e-16,1.9616159438093361e-16
2,pca,query,internal,2000,0.0,0.0,2.7516877665334213e-16,2.687294831105162e-16,-3.047562202596544e-17
2,pca,query,A_spiral,667,0.0,0.0,4.554078253934717e-16,4.534104226505179e-16,-6.99756760948157e-16
2,pca,query,B_tree,666,0.0,0.0,-1.171902081548776e-16,-1.3519382477042073e-16,-1.6836715538608548e-17
2,pca,query,C_ellipse,667,0.0,0.0,4.867004683663975e-16,4.873662692807154e-16,6.251870585445326e-16
2,umap,reference,internal,4000,0.002700000000000001,0.003233333333333335,-0.028871476826389932,-0.029046778133704335,0.024459719879116933
2,umap,reference,A_spiral,1334,0.0004497751124437794,0.0005497251374312854,-0.026261446443943782,-0.0260686762482017,0.028234883162807128
2,umap,reference,B_tree,1332,0.005455455455455458,0.0064564564564564605,-0.050584649688966116,-0.0515688480126836,0.01812734414385473
2,umap,reference,C_ellipse,1334,0.002198900549725137,0.0026986506746626685,-0.009800887828812496,-0.009536576361935315,0.027007438513994418
2,umap,query,internal,2000,0.0021666666666666687,0.002533333333333336,-0.02302540235511941,-0.02354577854773037,0.026683470824665875
2,umap,query,A_spiral,667,-0.0015992003998000976,-0.0012993503248375784,-0.025317213454334138,-0.025248103895425904,0.03062268401730542
2,umap,query,B_tree,666,0.004904904904904908,0.005605605605605609,-0.03474202758845212,-0.03603958517237923,0.018515803127150683
2,umap,query,C_ellipse,667,0.0031984007996002004,0.003298350824587707,-0.009034532177344592,-0.009368377919650835,0.03089967995068467
2,uniform,reference,internal,4000,-0.0013666666666666653,-0.003016666666666666,-0.011104437404337865,-0.010856777000251408,0.03984108938700895
2,uniform,reference,A_spiral,1334,-0.014842578710644675,-0.014592703648175907,-0.023008709309757455,-0.02291722091932391,-0.04478766981948941
2,uniform,reference,B_tree,1332,0.0020020020020020016,0.001301301301301302,0.0185123680297795,0.011747454548934763,0.1484693352372342
2,uniform,reference,C_ellipse,1334,0.008745627186406797,0.004247876061969015,-0.028772567926387795,-0.021366675227742625,0.016004463681588248
2,uniform,query,internal,2000,0.0030000000000000005,0.0017333333333333348,-0.015039523123949025,-0.01619210455365472,0.040598647445727803
2,uniform,query,A_spiral,667,-0.005597201399300349,-0.004997501249375311,-0.014926322058765087,-0.015234473446296484,-0.038264207238439964
2,uniform,query,B_tree,666,0.002502502502502504,0.0012012012012012022,0.004031350924696993,-0.007077181157686377,0.14802718501158663
2,uniform,query,C_ellipse,667,0.012093953023488256,0.008995502248875561,-0.034195006222713556,-0.026250993504663526,0.012194026839247942
2,fitgrid,reference,internal,4000,-0.0013666666666666653,-0.003016666666666666,-0.011104437404337865,-0.010856777000251408,0.03984108938700895
2,fitgrid,reference,A_spiral,1334,-0.014842578710644675,-0.014592703648175907,-0.023008709309757455,-0.02291722091932391,-0.04478766981948941
2,fitgrid,reference,B_tree,1332,0.0020020020020020016,0.001301301301301302,0.0185123680297795,0.011747454548934763,0.1484693352372342
2,fitgrid,reference,C_ellipse,1334,0.008745627186406797,0.004247876061969015,-0.028772567926387795,-0.021366675227742625,0.016004463681588248
2,fitgrid,query,internal,2000,0.002666666666666667,0.001333333333333334,-0.015289607208023113,-0.016438628052577803,0.04091382245415431
2,fitgrid,query,A_spiral,667,-0.005697151424287856,-0.005097451274362817,-0.014618917081402755,-0.014930086656203134,-0.03825372741598702
2,fitgrid,query,B_tree,666,0.0021021021021021048,0.0007007007007007029,0.003157107562565038,-0.008003322714095328,0.1488154504033867
2,fitgrid,query,C_ellipse,667,0.011594202898550725,0.008395802098950524,-0.034379355861197766,-0.02636982815274458,0.012341515931209033
