dataset,baseline,metric,scope,family,ours_source,baseline_source,status,n_pairs,n_dropped,ours_mean,baseline_mean,mean_improvement,median_improvement,ci_low,ci_high,fraction_ours_better,fraction_tied,p_value,test,n_bootstrap,n_permutations,seed,direction,p_holm
coil20,ours_oracle_neighbors,recall_at_15,full,exploratory_recall_at_15,/home/suzuki/Learn/UMAPing/runs/coil20/main/metrics/advanced_per_query.csv,/home/suzuki/Learn/UMAPing/runs/coil20/main/metrics/advanced_per_query.csv,ok,360,0,0.773888888888889,0.7740740740740741,-0.00018518518518518515,0.0,-0.001111111111111111,0.0005555555555555554,0.002777777777777778,0.9944444444444445,1.0,exact_sign_flip,10000,4,17604691092497092221,higher,1.0
coil20,ours_oracle_neighbors,ndcg,full,exploratory_ndcg,/home/suzuki/Learn/UMAPing/runs/coil20/main/metrics/advanced_per_query.csv,/home/suzuki/Learn/UMAPing/runs/coil20/main/metrics/advanced_per_query.csv,ok,360,0,0.7968993844835426,0.7966432564588968,0.00025612802464589155,0.0,-1.2740589500680805e-05,0.0007317248870503013,0.008333333333333333,0.9888888888888889,0.375,exact_sign_flip,10000,16,8525174673794867641,higher,1.0
coil20,ours_oracle_neighbors,local_displacement,full,exploratory_local_displacement,/home/suzuki/Learn/UMAPing/runs/coil20/main/metrics/advanced_per_query.csv,/home/suzuki/Learn/UMAPing/runs/coil20/main/metrics/advanced_per_query.csv,ok,360,0,0.2667951029096953,0.2661298906219345,-0.0006652122877607402,0.0,-0.002058342564092469,5.3951492950282176e-05,0.30833333333333335,0.36944444444444446,0.7748225177482252,monte_carlo_sign_flip_plus_one,10000,10000,5967479805282622123,lower,1.0
coil20,no_repulsion,recall_at_15,full,exploratory_recall_at_15,/home/suzuki/Learn/UMAPing/runs/coil20/main/metrics/advanced_per_query.csv,/home/suzuki/Learn/UMAPing/runs/coil20/main/metrics/advanced_per_query.csv,ok,360,0,0.773888888888889,0.7757407407407407,-0.0018518518518518508,0.0,-0.005185185185185184,0.0014814814814814827,0.06388888888888888,0.8333333333333334,0.32856714328567144,monte_carlo_sign_flip_plus_one,10000,10000,11490828383982370092,higher,1.0
coil20,no_repulsion,ndcg,full,exploratory_ndcg,/home/suzuki/Learn/UMAPing/runs/coil20/main/metrics/advanced_per_query.csv,/home/suzuki/Learn/UMAPing/runs/coil20/main/metrics/advanced_per_query.csv,ok,360,0,0.7968993844835426,0.7967581329060096,0.00014125157753300819,0.0,-0.0014127574615827154,0.0019699098196179037,0.25277777777777777,0.4027777777777778,0.8811118888111189,monte_carlo_sign_flip_plus_one,10000,10000,5867706159638077584,higher,1.0
coil20,no_repulsion,local_displacement,full,exploratory_local_displacement,/home/suzuki/Learn/UMAPing/runs/coil20/main/metrics/advanced_per_query.csv,/home/suzuki/Learn/UMAPing/runs/coil20/main/metrics/advanced_per_query.csv,ok,360,0,0.2667951029096953,0.22080719017163486,-0.04598791273806042,-0.031634429064375975,-0.0544724593675111,-0.03769112236672196,0.25,0.0,9.999000099990002e-05,monte_carlo_sign_flip_plus_one,10000,10000,11493674931241945357,lower,0.003999600039996
coil20,repulsion_oracle_diagnostic,recall_at_15,subset,exploratory_recall_at_15,/home/suzuki/Learn/UMAPing/runs/coil20/main/metrics/advanced_per_query.csv,/home/suzuki/Learn/UMAPing/runs/coil20/main/metrics/advanced_per_query.csv,ok,50,0,0.8053333333333335,0.812,-0.006666666666666665,0.0,-0.014666666666666663,0.0,0.04,0.82,0.1796875,exact_sign_flip,10000,512,18308594508645867082,higher,1.0
coil20,repulsion_oracle_diagnostic,ndcg,subset,exploratory_ndcg,/home/suzuki/Learn/UMAPing/runs/coil20/main/metrics/advanced_per_query.csv,/home/suzuki/Learn/UMAPing/runs/coil20/main/metrics/advanced_per_query.csv,ok,50,0,0.8197743669936244,0.819588404784566,0.00018596220905859885,0.0,-0.0034785112886230574,0.004291479169803125,0.32,0.34,0.9813018698130187,monte_carlo_sign_flip_plus_one,10000,10000,16439410025791144063,higher,1.0
coil20,repulsion_oracle_diagnostic,local_displacement,subset,exploratory_local_displacement,/home/suzuki/Learn/UMAPing/runs/coil20/main/metrics/advanced_per_query.csv,/home/suzuki/Learn/UMAPing/runs/coil20/main/metrics/advanced_per_query.csv,ok,50,0,0.21318509478183403,0.22603395306994892,0.012848858288114837,0.021927192162877585,-0.01639054106811543,0.04155521876558606,0.58,0.0,0.39406059394060594,monte_carlo_sign_flip_plus_one,10000,10000,12671244707657499020,lower,1.0
coil20,spectral_only,recall_at_15,full,exploratory_recall_at_15,/home/suzuki/Learn/UMAPing/runs/coil20/main/metrics/advanced_per_query.csv,/home/suzuki/Learn/UMAPing/runs/coil20/main/metrics/advanced_per_query.csv,ok,360,0,0.773888888888889,0.32925925925925925,0.4446296296296296,0.4666666666666666,0.4201805555555556,0.46925925925925926,0.9555555555555556,0.013888888888888888,9.999000099990002e-05,monte_carlo_sign_flip_plus_one,10000,10000,14426532654866294803,higher,0.0047995200479952005
coil20,spectral_only,ndcg,full,exploratory_ndcg,/home/suzuki/Learn/UMAPing/runs/coil20/main/metrics/advanced_per_query.csv,/home/suzuki/Learn/UMAPing/runs/coil20/main/metrics/advanced_per_query.csv,ok,360,0,0.7968993844835426,0.4380287566591548,0.3588706278243878,0.3574774842179339,0.3362868687929234,0.38072253388451016,0.9666666666666667,0.0,9.999000099990002e-05,monte_carlo_sign_flip_plus_one,10000,10000,17283873615606447094,higher,0.005599440055994401
coil20,spectral_only,local_displacement,full,exploratory_local_displacement,/home/suzuki/Learn/UMAPing/runs/coil20/main/metrics/advanced_per_query.csv,/home/suzuki/Learn/UMAPing/runs/coil20/main/metrics/advanced_per_query.csv,ok,360,0,0.2667951029096953,0.8416208900374382,0.574825787127743,0.30958462481989824,0.4885564179664014,0.6688551209416643,0.7666666666666667,0.0,9.999000099990002e-05,monte_carlo_sign_flip_plus_one,10000,10000,12765160079453009744,lower,0.003999600039996
coil20,standard_umap,recall_at_15,full,primary_recall15_ours_vs_standard,/home/suzuki/Learn/UMAPing/runs/coil20/main/metrics/advanced_per_query.csv,/home/suzuki/Learn/UMAPing/runs/coil20/main/metrics/advanced_per_query.csv,ok,360,0,0.773888888888889,0.7611111111111111,0.012777777777777784,0.0,0.0020370370370370416,0.023333333333333338,0.3416666666666667,0.425,0.019998000199980003,monte_carlo_sign_flip_plus_one,10000,10000,17072000017884027365,higher,0.019998000199980003
coil20,standard_umap,ndcg,full,exploratory_ndcg,/home/suzuki/Learn/UMAPing/runs/coil20/main/metrics/advanced_per_query.csv,/home/suzuki/Learn/UMAPing/runs/coil20/main/metrics/advanced_per_query.csv,ok,360,0,0.7968993844835426,0.7959176487458358,0.000981735737706743,0.0002659077821922651,-0.007158194148738194,0.00903856129508012,0.5222222222222223,0.041666666666666664,0.8104189581041896,monte_carlo_sign_flip_plus_one,10000,10000,18271060337491954838,higher,1.0
coil20,standard_umap,local_displacement,full,exploratory_local_displacement,/home/suzuki/Learn/UMAPing/runs/coil20/main/metrics/advanced_per_query.csv,/home/suzuki/Learn/UMAPing/runs/coil20/main/metrics/advanced_per_query.csv,ok,360,0,0.2667951029096953,0.5433300137443183,0.27653491083462306,0.15014108700266404,0.2328888041144989,0.32099427122316315,0.7583333333333333,0.0,9.999000099990002e-05,monte_carlo_sign_flip_plus_one,10000,10000,9060341212960443782,lower,0.003999600039996
coil20,numap,recall_at_15,full,exploratory_recall_at_15,/home/suzuki/Learn/UMAPing/runs/coil20/main/metrics/advanced_per_query.csv,/home/suzuki/Learn/UMAPing/runs_external_baselines/20260914T070151Z_3800762/coil20/numap/advanced_per_query.csv,ok,360,0,0.773888888888889,0.09518518518518518,0.6787037037037037,0.7333333333333333,0.6555555555555556,0.7005555555555555,0.9972222222222222,0.002777777777777778,9.999000099990002e-05,monte_carlo_sign_flip_plus_one,10000,10000,7334145136836761775,higher,0.0047995200479952005
coil20,numap,ndcg,full,exploratory_ndcg,/home/suzuki/Learn/UMAPing/runs/coil20/main/metrics/advanced_per_query.csv,/home/suzuki/Learn/UMAPing/runs_external_baselines/20260914T070151Z_3800762/coil20/numap/advanced_per_query.csv,ok,360,0,0.7968993844835426,0.10343334834528845,0.6934660361382541,0.7229711759405693,0.6730209163988456,0.7135337913139891,1.0,0.0,9.999000099990002e-05,monte_carlo_sign_flip_plus_one,10000,10000,5125889325396965582,higher,0.005599440055994401
coil20,paramrepulsor,recall_at_15,full,exploratory_recall_at_15,/home/suzuki/Learn/UMAPing/runs/coil20/main/metrics/advanced_per_query.csv,/home/suzuki/Learn/UMAPing/runs_external_baselines/20260914T070151Z_3800762/coil20/paramrepulsor/advanced_per_query.csv,ok,360,0,0.773888888888889,0.6016666666666667,0.17222222222222222,0.1333333333333333,0.14814814814814817,0.19648148148148148,0.7083333333333334,0.1527777777777778,9.999000099990002e-05,monte_carlo_sign_flip_plus_one,10000,10000,5751976904322072625,higher,0.0047995200479952005
coil20,paramrepulsor,ndcg,full,exploratory_ndcg,/home/suzuki/Learn/UMAPing/runs/coil20/main/metrics/advanced_per_query.csv,/home/suzuki/Learn/UMAPing/runs_external_baselines/20260914T070151Z_3800762/coil20/paramrepulsor/advanced_per_query.csv,ok,360,0,0.7968993844835426,0.6959457968088201,0.1009535876747224,0.026305989623536696,0.08021605916534093,0.12247701827715293,0.6888888888888889,0.005555555555555556,9.999000099990002e-05,monte_carlo_sign_flip_plus_one,10000,10000,3024971925111561638,higher,0.005599440055994401
coil100,ours_oracle_neighbors,recall_at_15,full,exploratory_recall_at_15,/home/suzuki/Learn/UMAPing/runs/coil100/main/metrics/advanced_per_query.csv,/home/suzuki/Learn/UMAPing/runs/coil100/main/metrics/advanced_per_query.csv,ok,1800,0,0.6938148148148148,0.6938888888888889,-7.407407407407403e-05,0.0,-0.00033333333333333327,0.0001851851851851852,0.002777777777777778,0.9938888888888889,0.794921875,exact_sign_flip,10000,2048,11456144597195658333,higher,1.0
coil100,ours_oracle_neighbors,ndcg,full,exploratory_ndcg,/home/suzuki/Learn/UMAPing/runs/coil100/main/metrics/advanced_per_query.csv,/home/suzuki/Learn/UMAPing/runs/coil100/main/metrics/advanced_per_query.csv,ok,1800,0,0.7478108021020754,0.7477760216612591,3.478044081630426e-05,0.0,-9.979633764649913e-05,0.00016883219175298537,0.013888888888888888,0.9733333333333334,0.6293370662933707,monte_carlo_sign_flip_plus_one,10000,10000,5859102596872649446,higher,1.0
coil100,ours_oracle_neighbors,local_displacement,full,exploratory_local_displacement,/home/suzuki/Learn/UMAPing/runs/coil100/main/metrics/advanced_per_query.csv,/home/suzuki/Learn/UMAPing/runs/coil100/main/metrics/advanced_per_query.csv,ok,1800,0,0.30782662937016336,0.3075979744915409,-0.00022865487862244553,0.0,-0.0008615454412370736,0.00016020809647338116,0.2577777777777778,0.4911111111111111,0.6681331866813318,monte_carlo_sign_flip_plus_one,10000,10000,9943656172293203458,lower,1.0
coil100,no_repulsion,recall_at_15,full,exploratory_recall_at_15,/home/suzuki/Learn/UMAPing/runs/coil100/main/metrics/advanced_per_query.csv,/home/suzuki/Learn/UMAPing/runs/coil100/main/metrics/advanced_per_query.csv,ok,1800,0,0.6938148148148148,0.6935925925925926,0.00022222222222222212,0.0,-0.0006666666666666668,0.0011481481481481475,0.03777777777777778,0.925,0.6824317568243176,monte_carlo_sign_flip_plus_one,10000,10000,3029226589454853366,higher,1.0
coil100,no_repulsion,ndcg,full,exploratory_ndcg,/home/suzuki/Learn/UMAPing/runs/coil100/main/metrics/advanced_per_query.csv,/home/suzuki/Learn/UMAPing/runs/coil100/main/metrics/advanced_per_query.csv,ok,1800,0,0.7478108021020754,0.7477084410931182,0.00010236100895738926,0.0,-0.0003506099171478947,0.0005669724972145412,0.22833333333333333,0.5083333333333333,0.6668333166683331,monte_carlo_sign_flip_plus_one,10000,10000,66133346587192774,higher,1.0
coil100,no_repulsion,local_displacement,full,exploratory_local_displacement,/home/suzuki/Learn/UMAPing/runs/coil100/main/metrics/advanced_per_query.csv,/home/suzuki/Learn/UMAPing/runs/coil100/main/metrics/advanced_per_query.csv,ok,1800,0,0.30782662937016336,0.3035169247215519,-0.0043097046486114815,-0.0020461135924113305,-0.006702930695289862,-0.0018513408173174623,0.45166666666666666,0.0,9.999000099990002e-05,monte_carlo_sign_flip_plus_one,10000,10000,9019627202872872137,lower,0.003999600039996
coil100,repulsion_oracle_diagnostic,recall_at_15,subset,exploratory_recall_at_15,/home/suzuki/Learn/UMAPing/runs/coil100/main/metrics/advanced_per_query.csv,/home/suzuki/Learn/UMAPing/runs/coil100/main/metrics/advanced_per_query.csv,ok,50,0,0.6573333333333332,0.6653333333333332,-0.008000000000000002,0.0,-0.017333333333333346,0.002666666666666664,0.06,0.74,0.213134765625,exact_sign_flip,10000,8192,8030051974554695915,higher,1.0
coil100,repulsion_oracle_diagnostic,ndcg,subset,exploratory_ndcg,/home/suzuki/Learn/UMAPing/runs/coil100/main/metrics/advanced_per_query.csv,/home/suzuki/Learn/UMAPing/runs/coil100/main/metrics/advanced_per_query.csv,ok,50,0,0.742893591801085,0.7451656939476061,-0.0022721021465211487,0.0,-0.006568224732995695,0.002061071694445624,0.26,0.32,0.3274672532746725,monte_carlo_sign_flip_plus_one,10000,10000,16168063868783371407,higher,1.0
coil100,repulsion_oracle_diagnostic,local_displacement,subset,exploratory_local_displacement,/home/suzuki/Learn/UMAPing/runs/coil100/main/metrics/advanced_per_query.csv,/home/suzuki/Learn/UMAPing/runs/coil100/main/metrics/advanced_per_query.csv,ok,50,0,0.3903725566379868,0.3944817459127644,0.004109189274777645,0.012822553829933851,-0.14132007008449674,0.106341378152037,0.6,0.0,0.9716028397160283,monte_carlo_sign_flip_plus_one,10000,10000,969769287693907060,lower,1.0
coil100,spectral_only,recall_at_15,full,exploratory_recall_at_15,/home/suzuki/Learn/UMAPing/runs/coil100/main/metrics/advanced_per_query.csv,/home/suzuki/Learn/UMAPing/runs/coil100/main/metrics/advanced_per_query.csv,ok,1800,0,0.6938148148148148,0.38662962962962966,0.3071851851851852,0.3333333333333333,0.29644351851851847,0.318,0.885,0.042222222222222223,9.999000099990002e-05,monte_carlo_sign_flip_plus_one,10000,10000,14384956796395151454,higher,0.0047995200479952005
coil100,spectral_only,ndcg,full,exploratory_ndcg,/home/suzuki/Learn/UMAPing/runs/coil100/main/metrics/advanced_per_query.csv,/home/suzuki/Learn/UMAPing/runs/coil100/main/metrics/advanced_per_query.csv,ok,1800,0,0.7478108021020754,0.4661156240175856,0.28169517808448996,0.26885748119586217,0.27166938650935213,0.29136441966860216,0.9311111111111111,0.0011111111111111111,9.999000099990002e-05,monte_carlo_sign_flip_plus_one,10000,10000,10213861216012604247,higher,0.005599440055994401
coil100,spectral_only,local_displacement,full,exploratory_local_displacement,/home/suzuki/Learn/UMAPing/runs/coil100/main/metrics/advanced_per_query.csv,/home/suzuki/Learn/UMAPing/runs/coil100/main/metrics/advanced_per_query.csv,ok,1800,0,0.30782662937016336,0.4744313535740143,0.1666047242038509,0.14847333546157737,0.14217718516586927,0.19158838543324108,0.7105555555555556,0.0,9.999000099990002e-05,monte_carlo_sign_flip_plus_one,10000,10000,801425885933742719,lower,0.003999600039996
coil100,standard_umap,recall_at_15,full,primary_recall15_ours_vs_standard,/home/suzuki/Learn/UMAPing/runs/coil100/main/metrics/advanced_per_query.csv,/home/suzuki/Learn/UMAPing/runs/coil100/main/metrics/advanced_per_query.csv,ok,1800,0,0.6938148148148148,0.676888888888889,0.016925925925925924,0.0,0.009259259259259259,0.024704629629629615,0.37277777777777776,0.31166666666666665,9.999000099990002e-05,monte_carlo_sign_flip_plus_one,10000,10000,18223311059458985277,higher,0.0007999200079992001
coil100,standard_umap,ndcg,full,exploratory_ndcg,/home/suzuki/Learn/UMAPing/runs/coil100/main/metrics/advanced_per_query.csv,/home/suzuki/Learn/UMAPing/runs/coil100/main/metrics/advanced_per_query.csv,ok,1800,0,0.7478108021020754,0.7370252216959087,0.010785580406166805,0.0004603055613355278,0.005115212983609661,0.01658055545157938,0.5161111111111111,0.04611111111111111,0.00039996000399960006,monte_carlo_sign_flip_plus_one,10000,10000,9958298871495876052,higher,0.008399160083991601
coil100,standard_umap,local_displacement,full,exploratory_local_displacement,/home/suzuki/Learn/UMAPing/runs/coil100/main/metrics/advanced_per_query.csv,/home/suzuki/Learn/UMAPing/runs/coil100/main/metrics/advanced_per_query.csv,ok,1800,0,0.30782662937016336,2.2136486105074002,1.9058219811372374,0.11563833909823197,0.861870004493379,3.274675695691969,0.695,0.0,9.999000099990002e-05,monte_carlo_sign_flip_plus_one,10000,10000,16733707988240065919,lower,0.003999600039996
coil100,numap,recall_at_15,full,exploratory_recall_at_15,/home/suzuki/Learn/UMAPing/runs/coil100/main/metrics/advanced_per_query.csv,/home/suzuki/Learn/UMAPing/runs_external_baselines/20260914T070151Z_3800762/coil100/numap/advanced_per_query.csv,ok,1800,0,0.6938148148148148,0.0685925925925926,0.6252222222222222,0.6666666666666666,0.6144814814814814,0.6357787037037037,0.985,0.005555555555555556,9.999000099990002e-05,monte_carlo_sign_flip_plus_one,10000,10000,5172630919804629949,higher,0.0047995200479952005
coil100,numap,ndcg,full,exploratory_ndcg,/home/suzuki/Learn/UMAPing/runs/coil100/main/metrics/advanced_per_query.csv,/home/suzuki/Learn/UMAPing/runs_external_baselines/20260914T070151Z_3800762/coil100/numap/advanced_per_query.csv,ok,1800,0,0.7478108021020754,0.09586313333822154,0.651947668763854,0.6921739189488691,0.641500892434353,0.6624740502690604,0.9888888888888889,0.0,9.999000099990002e-05,monte_carlo_sign_flip_plus_one,10000,10000,4956707392854625365,higher,0.005599440055994401
coil100,paramrepulsor,recall_at_15,full,exploratory_recall_at_15,/home/suzuki/Learn/UMAPing/runs/coil100/main/metrics/advanced_per_query.csv,/home/suzuki/Learn/UMAPing/runs_external_baselines/20260914T070151Z_3800762/coil100/paramrepulsor/advanced_per_query.csv,ok,1800,0,0.6938148148148148,0.44370370370370377,0.2501111111111111,0.20000000000000007,0.23807314814814812,0.2627777777777778,0.7916666666666666,0.08944444444444444,9.999000099990002e-05,monte_carlo_sign_flip_plus_one,10000,10000,15385254185479782387,higher,0.0047995200479952005
coil100,paramrepulsor,ndcg,full,exploratory_ndcg,/home/suzuki/Learn/UMAPing/runs/coil100/main/metrics/advanced_per_query.csv,/home/suzuki/Learn/UMAPing/runs_external_baselines/20260914T070151Z_3800762/coil100/paramrepulsor/advanced_per_query.csv,ok,1800,0,0.7478108021020754,0.5856655936596308,0.16214520844244462,0.09941004171834872,0.1519095740222098,0.172384511803604,0.7905555555555556,0.01,9.999000099990002e-05,monte_carlo_sign_flip_plus_one,10000,10000,15267530956646683593,higher,0.005599440055994401
pancreas,ours_oracle_neighbors,recall_at_15,full,exploratory_recall_at_15,/home/suzuki/Learn/UMAPing/runs/pancreas/main/metrics/advanced_per_query.csv,/home/suzuki/Learn/UMAPing/runs/pancreas/main/metrics/advanced_per_query.csv,ok,4679,0,0.2365462705706348,0.2366602550402508,-0.00011398446961601463,0.0,-0.0011540927548621498,0.0009261238156301204,0.07095533233596922,0.8553109638811712,0.844015598440156,monte_carlo_sign_flip_plus_one,10000,10000,5757359348723941321,higher,1.0
pancreas,ours_oracle_neighbors,ndcg,full,exploratory_ndcg,/home/suzuki/Learn/UMAPing/runs/pancreas/main/metrics/advanced_per_query.csv,/home/suzuki/Learn/UMAPing/runs/pancreas/main/metrics/advanced_per_query.csv,ok,4679,0,0.3209751878140304,0.32034123207990517,0.0006339557341251511,0.0,-0.0002686805424043478,0.0015323942907694212,0.2524043599059628,0.515281042957897,0.17748225177482252,monte_carlo_sign_flip_plus_one,10000,10000,12486489859373734519,higher,1.0
pancreas,ours_oracle_neighbors,local_displacement,full,exploratory_local_displacement,/home/suzuki/Learn/UMAPing/runs/pancreas/main/metrics/advanced_per_query.csv,/home/suzuki/Learn/UMAPing/runs/pancreas/main/metrics/advanced_per_query.csv,ok,4679,0,0.43502234129973927,0.42354721977959475,-0.011475121520144491,0.0,-0.014366658831225837,-0.008866690405555804,0.3293438768967728,0.18572344518059414,9.999000099990002e-05,monte_carlo_sign_flip_plus_one,10000,10000,8226226365038678136,lower,0.003999600039996
pancreas,no_repulsion,recall_at_15,full,exploratory_recall_at_15,/home/suzuki/Learn/UMAPing/runs/pancreas/main/metrics/advanced_per_query.csv,/home/suzuki/Learn/UMAPing/runs/pancreas/main/metrics/advanced_per_query.csv,ok,4679,0,0.2365462705706348,0.23581961957683262,0.0007266509938020942,0.0,-0.0009261238156301201,0.0023085417111918458,0.1908527463133148,0.6236375293866211,0.39286071392860716,monte_carlo_sign_flip_plus_one,10000,10000,12106862592041411741,higher,1.0
pancreas,no_repulsion,ndcg,full,exploratory_ndcg,/home/suzuki/Learn/UMAPing/runs/pancreas/main/metrics/advanced_per_query.csv,/home/suzuki/Learn/UMAPing/runs/pancreas/main/metrics/advanced_per_query.csv,ok,4679,0,0.3209751878140304,0.3228471674870938,-0.001871979673063432,0.0,-0.003296850658712105,-0.0004648228845113624,0.469544774524471,0.04317161786706561,0.010198980101989802,monte_carlo_sign_flip_plus_one,10000,10000,1717779656872264721,higher,0.19378062193780624
pancreas,no_repulsion,local_displacement,full,exploratory_local_displacement,/home/suzuki/Learn/UMAPing/runs/pancreas/main/metrics/advanced_per_query.csv,/home/suzuki/Learn/UMAPing/runs/pancreas/main/metrics/advanced_per_query.csv,ok,4679,0,0.43502234129973927,0.41679020578432646,-0.01823213551541279,-0.004114420593039125,-0.020768633314167347,-0.015640070035579885,0.3814917717460996,0.0,9.999000099990002e-05,monte_carlo_sign_flip_plus_one,10000,10000,10657888470452756397,lower,0.003999600039996
pancreas,repulsion_oracle_diagnostic,recall_at_15,subset,exploratory_recall_at_15,/home/suzuki/Learn/UMAPing/runs/pancreas/main/metrics/advanced_per_query.csv,/home/suzuki/Learn/UMAPing/runs/pancreas/main/metrics/advanced_per_query.csv,ok,50,0,0.256,0.2613333333333333,-0.005333333333333332,0.0,-0.027999999999999997,0.014699999999999519,0.16,0.62,0.7329267073292671,monte_carlo_sign_flip_plus_one,10000,10000,15039122537194684891,higher,1.0
pancreas,repulsion_oracle_diagnostic,ndcg,subset,exploratory_ndcg,/home/suzuki/Learn/UMAPing/runs/pancreas/main/metrics/advanced_per_query.csv,/home/suzuki/Learn/UMAPing/runs/pancreas/main/metrics/advanced_per_query.csv,ok,50,0,0.3215769925971746,0.32535698208215363,-0.003779989484979044,0.0016129941572997908,-0.021479934933420094,0.011822000270841933,0.54,0.04,0.6838316168383162,monte_carlo_sign_flip_plus_one,10000,10000,8054319688046384220,higher,1.0
pancreas,repulsion_oracle_diagnostic,local_displacement,subset,exploratory_local_displacement,/home/suzuki/Learn/UMAPing/runs/pancreas/main/metrics/advanced_per_query.csv,/home/suzuki/Learn/UMAPing/runs/pancreas/main/metrics/advanced_per_query.csv,ok,50,0,0.4080623613583231,0.4225672209813907,0.014504859623067584,-0.004919877036560938,-0.013843325431768323,0.047716276978270716,0.42,0.0,0.39956004399560047,monte_carlo_sign_flip_plus_one,10000,10000,2101790650584396272,lower,1.0
pancreas,spectral_only,recall_at_15,full,exploratory_recall_at_15,/home/suzuki/Learn/UMAPing/runs/pancreas/main/metrics/advanced_per_query.csv,/home/suzuki/Learn/UMAPing/runs/pancreas/main/metrics/advanced_per_query.csv,ok,4679,0,0.2365462705706348,0.05744817268647146,0.17909809788416328,0.13333333333333336,0.17352710693168058,0.18446961601481796,0.7732421457576405,0.14575764052147894,9.999000099990002e-05,monte_carlo_sign_flip_plus_one,10000,10000,7501761614683385679,higher,0.0047995200479952005
pancreas,spectral_only,ndcg,full,exploratory_ndcg,/home/suzuki/Learn/UMAPing/runs/pancreas/main/metrics/advanced_per_query.csv,/home/suzuki/Learn/UMAPing/runs/pancreas/main/metrics/advanced_per_query.csv,ok,4679,0,0.3209751878140304,0.09539750439839842,0.22557768341563195,0.20277049208144443,0.2201857942608164,0.23103949762320997,0.8954904894208164,0.005556742893780722,9.999000099990002e-05,monte_carlo_sign_flip_plus_one,10000,10000,10296035461413015207,higher,0.005599440055994401
pancreas,spectral_only,local_displacement,full,exploratory_local_displacement,/home/suzuki/Learn/UMAPing/runs/pancreas/main/metrics/advanced_per_query.csv,/home/suzuki/Learn/UMAPing/runs/pancreas/main/metrics/advanced_per_query.csv,ok,4679,0,0.43502234129973927,1.2129516877512678,0.7779293464515284,0.6027196711076858,0.7505068970318176,0.8055136903111584,0.815558880102586,0.0,9.999000099990002e-05,monte_carlo_sign_flip_plus_one,10000,10000,15440848837308715484,lower,0.003999600039996
pancreas,standard_umap,recall_at_15,full,primary_recall15_ours_vs_standard,/home/suzuki/Learn/UMAPing/runs/pancreas/main/metrics/advanced_per_query.csv,/home/suzuki/Learn/UMAPing/runs/pancreas/main/metrics/advanced_per_query.csv,ok,4679,0,0.2365462705706348,0.21044382702856732,0.02610244354206739,0.0,0.02205599487069887,0.03012075229749946,0.4486001282325283,0.23744389826886086,9.999000099990002e-05,monte_carlo_sign_flip_plus_one,10000,10000,17636122168520685343,higher,0.0007999200079992001
pancreas,standard_umap,ndcg,full,exploratory_ndcg,/home/suzuki/Learn/UMAPing/runs/pancreas/main/metrics/advanced_per_query.csv,/home/suzuki/Learn/UMAPing/runs/pancreas/main/metrics/advanced_per_query.csv,ok,4679,0,0.3209751878140304,0.2975585383800351,0.02341664943399524,0.018563832112556966,0.019546375779012144,0.027203524051293126,0.5633682410771532,0.004274417610600555,9.999000099990002e-05,monte_carlo_sign_flip_plus_one,10000,10000,3388127109708696718,higher,0.005599440055994401
pancreas,standard_umap,local_displacement,full,exploratory_local_displacement,/home/suzuki/Learn/UMAPing/runs/pancreas/main/metrics/advanced_per_query.csv,/home/suzuki/Learn/UMAPing/runs/pancreas/main/metrics/advanced_per_query.csv,ok,4679,0,0.43502234129973927,1.6435873639742236,1.2085650226744848,0.044789841167605815,0.7828346236221805,1.721022244291429,0.599487069886728,0.0,9.999000099990002e-05,monte_carlo_sign_flip_plus_one,10000,10000,235134347607173645,lower,0.003999600039996
pancreas,numap,recall_at_15,full,exploratory_recall_at_15,/home/suzuki/Learn/UMAPing/runs/pancreas/main/metrics/advanced_per_query.csv,/home/suzuki/Learn/UMAPing/runs_external_baselines/20260914T070151Z_3800762/pancreas/numap/advanced_per_query.csv,ok,4679,0,0.2365462705706348,0.01337892712117974,0.22316734344945502,0.2,0.21776697299992875,0.22843912516919568,0.8702714255182732,0.11241718315879462,9.999000099990002e-05,monte_carlo_sign_flip_plus_one,10000,10000,16393543210217197290,higher,0.0047995200479952005
pancreas,numap,ndcg,full,exploratory_ndcg,/home/suzuki/Learn/UMAPing/runs/pancreas/main/metrics/advanced_per_query.csv,/home/suzuki/Learn/UMAPing/runs_external_baselines/20260914T070151Z_3800762/pancreas/numap/advanced_per_query.csv,ok,4679,0,0.3209751878140304,0.02326815611167032,0.29770703170236,0.28024486867745746,0.2924020590044997,0.30306784478888793,0.969651634964736,0.011754648429151528,9.999000099990002e-05,monte_carlo_sign_flip_plus_one,10000,10000,17151642709606428611,higher,0.005599440055994401
pancreas,paramrepulsor,recall_at_15,full,exploratory_recall_at_15,/home/suzuki/Learn/UMAPing/runs/pancreas/main/metrics/advanced_per_query.csv,/home/suzuki/Learn/UMAPing/runs_external_baselines/20260914T070151Z_3800762/pancreas/paramrepulsor/advanced_per_query.csv,ok,4679,0,0.2365462705706348,0.0937949704352782,0.14275130013535656,0.13333333333333333,0.1378499679418679,0.14762413621144116,0.7326351784569353,0.14661252404359906,9.999000099990002e-05,monte_carlo_sign_flip_plus_one,10000,10000,4077686783625686444,higher,0.0047995200479952005
pancreas,paramrepulsor,ndcg,full,exploratory_ndcg,/home/suzuki/Learn/UMAPing/runs/pancreas/main/metrics/advanced_per_query.csv,/home/suzuki/Learn/UMAPing/runs_external_baselines/20260914T070151Z_3800762/pancreas/paramrepulsor/advanced_per_query.csv,ok,4679,0,0.3209751878140304,0.15339477508489388,0.16758041272913649,0.1529656065599042,0.1624807658425766,0.17263878030170374,0.8288095746954477,0.008335114340671083,9.999000099990002e-05,monte_carlo_sign_flip_plus_one,10000,10000,2552005232738974766,higher,0.005599440055994401
pancreas_batch_corrected,ours_oracle_neighbors,recall_at_15,full,exploratory_recall_at_15,/home/suzuki/Learn/UMAPing/runs/pancreas_batch_corrected/main/metrics/advanced_per_query.csv,/home/suzuki/Learn/UMAPing/runs/pancreas_batch_corrected/main/metrics/advanced_per_query.csv,ok,4679,0,0.11697656194343518,0.11733276341098525,-0.00035620146755004637,0.0,-0.0012253330483721593,0.0005129301132720664,0.06796324000854884,0.860867706774952,0.43455654434556545,monte_carlo_sign_flip_plus_one,10000,10000,14303760873068445751,higher,1.0
pancreas_batch_corrected,ours_oracle_neighbors,ndcg,full,exploratory_ndcg,/home/suzuki/Learn/UMAPing/runs/pancreas_batch_corrected/main/metrics/advanced_per_query.csv,/home/suzuki/Learn/UMAPing/runs/pancreas_batch_corrected/main/metrics/advanced_per_query.csv,ok,4679,0,0.16116577118708597,0.16042794500216484,0.0007378261849211384,0.0,1.709877880476807e-05,0.0014632635143098946,0.269074588587305,0.47958965590938235,0.046495350464953504,monte_carlo_sign_flip_plus_one,10000,10000,11306866418755027751,higher,0.8369163083691631
pancreas_batch_corrected,ours_oracle_neighbors,local_displacement,full,exploratory_local_displacement,/home/suzuki/Learn/UMAPing/runs/pancreas_batch_corrected/main/metrics/advanced_per_query.csv,/home/suzuki/Learn/UMAPing/runs/pancreas_batch_corrected/main/metrics/advanced_per_query.csv,ok,4679,0,0.4009813900978557,0.39236094700611035,-0.008620443091745414,0.0,-0.010644233586699121,-0.006793977681424761,0.3406710835648643,0.1709767044240222,9.999000099990002e-05,monte_carlo_sign_flip_plus_one,10000,10000,3234783322083052352,lower,0.003999600039996
pancreas_batch_corrected,no_repulsion,recall_at_15,full,exploratory_recall_at_15,/home/suzuki/Learn/UMAPing/runs/pancreas_batch_corrected/main/metrics/advanced_per_query.csv,/home/suzuki/Learn/UMAPing/runs/pancreas_batch_corrected/main/metrics/advanced_per_query.csv,ok,4679,0,0.11697656194343518,0.1046092469900976,0.012367314953337608,0.0,0.010671795967799387,0.014119826173683835,0.29429365248984823,0.5340884804445394,9.999000099990002e-05,monte_carlo_sign_flip_plus_one,10000,10000,4685530373715454629,higher,0.0047995200479952005
pancreas_batch_corrected,no_repulsion,ndcg,full,exploratory_ndcg,/home/suzuki/Learn/UMAPing/runs/pancreas_batch_corrected/main/metrics/advanced_per_query.csv,/home/suzuki/Learn/UMAPing/runs/pancreas_batch_corrected/main/metrics/advanced_per_query.csv,ok,4679,0,0.16116577118708597,0.14747666745770358,0.013689103729382382,0.004586281395026946,0.012124815945554684,0.015270322960320442,0.5522547552895918,0.053643941013036975,9.999000099990002e-05,monte_carlo_sign_flip_plus_one,10000,10000,16530780210436640723,higher,0.005599440055994401
pancreas_batch_corrected,no_repulsion,local_displacement,full,exploratory_local_displacement,/home/suzuki/Learn/UMAPing/runs/pancreas_batch_corrected/main/metrics/advanced_per_query.csv,/home/suzuki/Learn/UMAPing/runs/pancreas_batch_corrected/main/metrics/advanced_per_query.csv,ok,4679,0,0.4009813900978557,0.30200129921822566,-0.0989800908796301,-0.08618141672983827,-0.10285365068580493,-0.09526968989818843,0.1468262449241291,0.0,9.999000099990002e-05,monte_carlo_sign_flip_plus_one,10000,10000,18299822368956132772,lower,0.003999600039996
pancreas_batch_corrected,repulsion_oracle_diagnostic,recall_at_15,subset,exploratory_recall_at_15,/home/suzuki/Learn/UMAPing/runs/pancreas_batch_corrected/main/metrics/advanced_per_query.csv,/home/suzuki/Learn/UMAPing/runs/pancreas_batch_corrected/main/metrics/advanced_per_query.csv,ok,50,0,0.12133333333333335,0.12800000000000003,-0.006666666666666667,0.0,-0.020000000000000004,0.006666666666666665,0.16,0.62,0.45615438456154384,monte_carlo_sign_flip_plus_one,10000,10000,11550343753554626286,higher,1.0
pancreas_batch_corrected,repulsion_oracle_diagnostic,ndcg,subset,exploratory_ndcg,/home/suzuki/Learn/UMAPing/runs/pancreas_batch_corrected/main/metrics/advanced_per_query.csv,/home/suzuki/Learn/UMAPing/runs/pancreas_batch_corrected/main/metrics/advanced_per_query.csv,ok,50,0,0.16765822394492003,0.16478180239331053,0.0028764215516095164,0.0006336521375167221,-0.005614848852809533,0.011248607140919452,0.52,0.1,0.5128487151284872,monte_carlo_sign_flip_plus_one,10000,10000,16063375125749836734,higher,1.0
pancreas_batch_corrected,repulsion_oracle_diagnostic,local_displacement,subset,exploratory_local_displacement,/home/suzuki/Learn/UMAPing/runs/pancreas_batch_corrected/main/metrics/advanced_per_query.csv,/home/suzuki/Learn/UMAPing/runs/pancreas_batch_corrected/main/metrics/advanced_per_query.csv,ok,50,0,0.3764186676942999,0.39613029072244643,0.019711623028146538,0.007796276973434463,-0.003987173933510102,0.04524203888618599,0.62,0.0,0.1272872712728727,monte_carlo_sign_flip_plus_one,10000,10000,7858548904758410421,lower,1.0
pancreas_batch_corrected,spectral_only,recall_at_15,full,exploratory_recall_at_15,/home/suzuki/Learn/UMAPing/runs/pancreas_batch_corrected/main/metrics/advanced_per_query.csv,/home/suzuki/Learn/UMAPing/runs/pancreas_batch_corrected/main/metrics/advanced_per_query.csv,ok,4679,0,0.11697656194343518,0.01145543919640949,0.10552112274702573,0.06666666666666667,0.10191636389541925,0.1091686257747382,0.6828382132934387,0.28531737550758707,9.999000099990002e-05,monte_carlo_sign_flip_plus_one,10000,10000,6761084976441564270,higher,0.0047995200479952005
pancreas_batch_corrected,spectral_only,ndcg,full,exploratory_ndcg,/home/suzuki/Learn/UMAPing/runs/pancreas_batch_corrected/main/metrics/advanced_per_query.csv,/home/suzuki/Learn/UMAPing/runs/pancreas_batch_corrected/main/metrics/advanced_per_query.csv,ok,4679,0,0.16116577118708597,0.020816242908539603,0.14034952827854635,0.1091514658259318,0.13643496197021668,0.1443218697879296,0.8875828168412054,0.05984184654840778,9.999000099990002e-05,monte_carlo_sign_flip_plus_one,10000,10000,16952046097755870276,higher,0.005599440055994401
pancreas_batch_corrected,spectral_only,local_displacement,full,exploratory_local_displacement,/home/suzuki/Learn/UMAPing/runs/pancreas_batch_corrected/main/metrics/advanced_per_query.csv,/home/suzuki/Learn/UMAPing/runs/pancreas_batch_corrected/main/metrics/advanced_per_query.csv,ok,4679,0,0.4009813900978557,1.6374879865407574,1.2365065964429016,1.0100903224687345,1.2034039091474122,1.269909711390389,0.9087411840136781,0.0,9.999000099990002e-05,monte_carlo_sign_flip_plus_one,10000,10000,2738077134190702772,lower,0.003999600039996
pancreas_batch_corrected,standard_umap,recall_at_15,full,primary_recall15_ours_vs_standard,/home/suzuki/Learn/UMAPing/runs/pancreas_batch_corrected/main/metrics/advanced_per_query.csv,/home/suzuki/Learn/UMAPing/runs/pancreas_batch_corrected/main/metrics/advanced_per_query.csv,ok,4679,0,0.11697656194343518,0.09031844411198975,0.02665811783144547,0.0,0.023594785210515067,0.029707202393673863,0.43363966659542635,0.31908527463133146,9.999000099990002e-05,monte_carlo_sign_flip_plus_one,10000,10000,13133042364110655511,higher,0.0007999200079992001
pancreas_batch_corrected,standard_umap,ndcg,full,exploratory_ndcg,/home/suzuki/Learn/UMAPing/runs/pancreas_batch_corrected/main/metrics/advanced_per_query.csv,/home/suzuki/Learn/UMAPing/runs/pancreas_batch_corrected/main/metrics/advanced_per_query.csv,ok,4679,0,0.16116577118708597,0.1314332844100377,0.02973248677704828,0.023504488805288947,0.02665428785912209,0.03279662202525526,0.6035477666167984,0.022440692455652916,9.999000099990002e-05,monte_carlo_sign_flip_plus_one,10000,10000,3831570985063861456,higher,0.005599440055994401
pancreas_batch_corrected,standard_umap,local_displacement,full,exploratory_local_displacement,/home/suzuki/Learn/UMAPing/runs/pancreas_batch_corrected/main/metrics/advanced_per_query.csv,/home/suzuki/Learn/UMAPing/runs/pancreas_batch_corrected/main/metrics/advanced_per_query.csv,ok,4679,0,0.4009813900978557,2.1538449056311233,1.7528635155332675,0.2263888711965048,1.3229402466396643,2.358235930776205,0.7644795896559093,0.0,9.999000099990002e-05,monte_carlo_sign_flip_plus_one,10000,10000,6487357239114420684,lower,0.003999600039996
pancreas_batch_corrected,numap,recall_at_15,full,exploratory_recall_at_15,/home/suzuki/Learn/UMAPing/runs/pancreas_batch_corrected/main/metrics/advanced_per_query.csv,/home/suzuki/Learn/UMAPing/runs_external_baselines/20260914T070151Z_3800762/pancreas_batch_corrected/numap/advanced_per_query.csv,ok,4679,0,0.11697656194343518,0.010059129443613308,0.1069174324998219,0.06666666666666667,0.10315594500249342,0.11069316805585237,0.676854028638598,0.27976063261380635,9.999000099990002e-05,monte_carlo_sign_flip_plus_one,10000,10000,2580653174164830087,higher,0.0047995200479952005
pancreas_batch_corrected,numap,ndcg,full,exploratory_ndcg,/home/suzuki/Learn/UMAPing/runs/pancreas_batch_corrected/main/metrics/advanced_per_query.csv,/home/suzuki/Learn/UMAPing/runs_external_baselines/20260914T070151Z_3800762/pancreas_batch_corrected/numap/advanced_per_query.csv,ok,4679,0,0.16116577118708597,0.01796243266758236,0.14320333851950362,0.1091514658259318,0.1389698454278073,0.14750189501591976,0.8685616584740329,0.05321649925197692,9.999000099990002e-05,monte_carlo_sign_flip_plus_one,10000,10000,897199651434195102,higher,0.005599440055994401
pancreas_batch_corrected,paramrepulsor,recall_at_15,full,exploratory_recall_at_15,/home/suzuki/Learn/UMAPing/runs/pancreas_batch_corrected/main/metrics/advanced_per_query.csv,/home/suzuki/Learn/UMAPing/runs_external_baselines/20260914T070151Z_3800762/pancreas_batch_corrected/paramrepulsor/advanced_per_query.csv,ok,4679,0,0.11697656194343518,0.040820688181235305,0.07615587376219991,0.06666666666666667,0.07256536296929546,0.07978948493267793,0.5855952126522761,0.29108783928189785,9.999000099990002e-05,monte_carlo_sign_flip_plus_one,10000,10000,17844765166989304482,higher,0.0047995200479952005
pancreas_batch_corrected,paramrepulsor,ndcg,full,exploratory_ndcg,/home/suzuki/Learn/UMAPing/runs/pancreas_batch_corrected/main/metrics/advanced_per_query.csv,/home/suzuki/Learn/UMAPing/runs_external_baselines/20260914T070151Z_3800762/pancreas_batch_corrected/paramrepulsor/advanced_per_query.csv,ok,4679,0,0.16116577118708597,0.06827522033335623,0.09289055085372973,0.07027092921535921,0.08884066361981573,0.09690336000038298,0.754007266509938,0.04274417610600555,9.999000099990002e-05,monte_carlo_sign_flip_plus_one,10000,10000,13337312988660937151,higher,0.005599440055994401
fashion_mnist,ours_oracle_neighbors,recall_at_15,full,exploratory_recall_at_15,/home/suzuki/Learn/UMAPing/runs/fashion_mnist/main/metrics/advanced_per_query.csv,/home/suzuki/Learn/UMAPing/runs/fashion_mnist/main/metrics/advanced_per_query.csv,ok,2000,0,0.30290000000000006,0.3033666666666667,-0.0004666666666666666,0.0,-0.0012666666666666666,0.0003333333333333335,0.0205,0.9525,0.2852714728527147,monte_carlo_sign_flip_plus_one,10000,10000,7866332912799098369,higher,1.0
fashion_mnist,ours_oracle_neighbors,ndcg,full,exploratory_ndcg,/home/suzuki/Learn/UMAPing/runs/fashion_mnist/main/metrics/advanced_per_query.csv,/home/suzuki/Learn/UMAPing/runs/fashion_mnist/main/metrics/advanced_per_query.csv,ok,2000,0,0.3919148725468671,0.391752489408962,0.0001623831379050357,0.0,-0.0005142541220204986,0.0008669143640356794,0.084,0.8275,0.6521347865213478,monte_carlo_sign_flip_plus_one,10000,10000,6599232125237135713,higher,1.0
fashion_mnist,ours_oracle_neighbors,local_displacement,full,exploratory_local_displacement,/home/suzuki/Learn/UMAPing/runs/fashion_mnist/main/metrics/advanced_per_query.csv,/home/suzuki/Learn/UMAPing/runs/fashion_mnist/main/metrics/advanced_per_query.csv,ok,2000,0,0.2845988152159605,0.2831786046524969,-0.0014202105634635843,0.0,-0.002529079275331643,-0.0004217282848717428,0.371,0.213,0.009099090090990901,monte_carlo_sign_flip_plus_one,10000,10000,15316648220662266240,lower,0.10008999100089991
fashion_mnist,no_repulsion,recall_at_15,full,exploratory_recall_at_15,/home/suzuki/Learn/UMAPing/runs/fashion_mnist/main/metrics/advanced_per_query.csv,/home/suzuki/Learn/UMAPing/runs/fashion_mnist/main/metrics/advanced_per_query.csv,ok,2000,0,0.30290000000000006,0.3013,0.0016,0.0,-0.00016666666666666563,0.0034,0.1425,0.734,0.0857914208579142,monte_carlo_sign_flip_plus_one,10000,10000,701689016680362093,higher,1.0
fashion_mnist,no_repulsion,ndcg,full,exploratory_ndcg,/home/suzuki/Learn/UMAPing/runs/fashion_mnist/main/metrics/advanced_per_query.csv,/home/suzuki/Learn/UMAPing/runs/fashion_mnist/main/metrics/advanced_per_query.csv,ok,2000,0,0.3919148725468671,0.38980646928315354,0.002108403263713511,8.187773138634835e-05,0.0008994351714197033,0.0033382655514076795,0.5055,0.0415,0.0008999100089991,monte_carlo_sign_flip_plus_one,10000,10000,6620950434308322309,higher,0.017998200179982
fashion_mnist,no_repulsion,local_displacement,full,exploratory_local_displacement,/home/suzuki/Learn/UMAPing/runs/fashion_mnist/main/metrics/advanced_per_query.csv,/home/suzuki/Learn/UMAPing/runs/fashion_mnist/main/metrics/advanced_per_query.csv,ok,2000,0,0.2845988152159605,0.2613894459372523,-0.023209369278708238,-0.011254677323377146,-0.02543143817008238,-0.020991631894411493,0.3355,0.0,9.999000099990002e-05,monte_carlo_sign_flip_plus_one,10000,10000,6260029581962386455,lower,0.003999600039996
fashion_mnist,repulsion_oracle_diagnostic,recall_at_15,subset,exploratory_recall_at_15,/home/suzuki/Learn/UMAPing/runs/fashion_mnist/main/metrics/advanced_per_query.csv,/home/suzuki/Learn/UMAPing/runs/fashion_mnist/main/metrics/advanced_per_query.csv,ok,50,0,0.2773333333333333,0.2773333333333333,1.6653345369377347e-18,0.0,-0.009333333333333334,0.010666666666666668,0.08,0.8,1.0,exact_sign_flip,10000,1024,6922045912526721114,higher,1.0
fashion_mnist,repulsion_oracle_diagnostic,ndcg,subset,exploratory_ndcg,/home/suzuki/Learn/UMAPing/runs/fashion_mnist/main/metrics/advanced_per_query.csv,/home/suzuki/Learn/UMAPing/runs/fashion_mnist/main/metrics/advanced_per_query.csv,ok,50,0,0.35226670305285035,0.3587602838936882,-0.0064935808408377324,-0.0021619204727332253,-0.013339365202065951,9.084035876150678e-05,0.38,0.04,0.06159384061593841,monte_carlo_sign_flip_plus_one,10000,10000,13185620246450743142,higher,1.0
fashion_mnist,repulsion_oracle_diagnostic,local_displacement,subset,exploratory_local_displacement,/home/suzuki/Learn/UMAPing/runs/fashion_mnist/main/metrics/advanced_per_query.csv,/home/suzuki/Learn/UMAPing/runs/fashion_mnist/main/metrics/advanced_per_query.csv,ok,50,0,0.2714231965989502,0.27578528258509627,0.0043620859861460875,-0.0014588405038439,-0.008707317186695328,0.019377456056940297,0.46,0.0,0.575042495750425,monte_carlo_sign_flip_plus_one,10000,10000,6866666230597042983,lower,1.0
fashion_mnist,spectral_only,recall_at_15,full,exploratory_recall_at_15,/home/suzuki/Learn/UMAPing/runs/fashion_mnist/main/metrics/advanced_per_query.csv,/home/suzuki/Learn/UMAPing/runs/fashion_mnist/main/metrics/advanced_per_query.csv,ok,2000,0,0.30290000000000006,0.07986666666666667,0.22303333333333336,0.2,0.2152325,0.23083416666666667,0.856,0.086,9.999000099990002e-05,monte_carlo_sign_flip_plus_one,10000,10000,10338069882833930798,higher,0.0047995200479952005
fashion_mnist,spectral_only,ndcg,full,exploratory_ndcg,/home/suzuki/Learn/UMAPing/runs/fashion_mnist/main/metrics/advanced_per_query.csv,/home/suzuki/Learn/UMAPing/runs/fashion_mnist/main/metrics/advanced_per_query.csv,ok,2000,0,0.3919148725468671,0.12400943741186428,0.2679054351350027,0.26105969198108314,0.25964566729764926,0.27592266546820593,0.9295,0.001,9.999000099990002e-05,monte_carlo_sign_flip_plus_one,10000,10000,7846143333617171561,higher,0.005599440055994401
fashion_mnist,spectral_only,local_displacement,full,exploratory_local_displacement,/home/suzuki/Learn/UMAPing/runs/fashion_mnist/main/metrics/advanced_per_query.csv,/home/suzuki/Learn/UMAPing/runs/fashion_mnist/main/metrics/advanced_per_query.csv,ok,2000,0,0.2845988152159605,0.8140828746098198,0.5294840593938593,0.39524069519683885,0.5010454790639177,0.5592249693329963,0.8495,0.0,9.999000099990002e-05,monte_carlo_sign_flip_plus_one,10000,10000,8116806200054830225,lower,0.003999600039996
fashion_mnist,standard_umap,recall_at_15,full,primary_recall15_ours_vs_standard,/home/suzuki/Learn/UMAPing/runs/fashion_mnist/main/metrics/advanced_per_query.csv,/home/suzuki/Learn/UMAPing/runs/fashion_mnist/main/metrics/advanced_per_query.csv,ok,2000,0,0.30290000000000006,0.2859666666666667,0.01693333333333333,0.0,0.011566666666666668,0.0222,0.4455,0.235,9.999000099990002e-05,monte_carlo_sign_flip_plus_one,10000,10000,930258761630246709,higher,0.0007999200079992001
fashion_mnist,standard_umap,ndcg,full,exploratory_ndcg,/home/suzuki/Learn/UMAPing/runs/fashion_mnist/main/metrics/advanced_per_query.csv,/home/suzuki/Learn/UMAPing/runs/fashion_mnist/main/metrics/advanced_per_query.csv,ok,2000,0,0.3919148725468671,0.37905511366370287,0.012859758883164159,0.01428922567994284,0.00766528697792189,0.01802662728119819,0.554,0.0,9.999000099990002e-05,monte_carlo_sign_flip_plus_one,10000,10000,7909610837669023737,higher,0.005599440055994401
fashion_mnist,standard_umap,local_displacement,full,exploratory_local_displacement,/home/suzuki/Learn/UMAPing/runs/fashion_mnist/main/metrics/advanced_per_query.csv,/home/suzuki/Learn/UMAPing/runs/fashion_mnist/main/metrics/advanced_per_query.csv,ok,2000,0,0.2845988152159605,0.3841399929880161,0.09954117777205565,0.06560057434360332,0.08795964455402586,0.11122840808626018,0.6325,0.0,9.999000099990002e-05,monte_carlo_sign_flip_plus_one,10000,10000,15780392175044885163,lower,0.003999600039996
fashion_mnist,numap,recall_at_15,full,exploratory_recall_at_15,/home/suzuki/Learn/UMAPing/runs/fashion_mnist/main/metrics/advanced_per_query.csv,/home/suzuki/Learn/UMAPing/runs_external_baselines/20260914T070151Z_3800762/fashion_mnist/numap/advanced_per_query.csv,ok,2000,0,0.30290000000000006,0.017900000000000003,0.285,0.26666666666666666,0.27763333333333334,0.2924666666666667,0.9345,0.052,9.999000099990002e-05,monte_carlo_sign_flip_plus_one,10000,10000,9846581485048699489,higher,0.0047995200479952005
fashion_mnist,numap,ndcg,full,exploratory_ndcg,/home/suzuki/Learn/UMAPing/runs/fashion_mnist/main/metrics/advanced_per_query.csv,/home/suzuki/Learn/UMAPing/runs_external_baselines/20260914T070151Z_3800762/fashion_mnist/numap/advanced_per_query.csv,ok,2000,0,0.3919148725468671,0.028514373405536402,0.3634004991413306,0.36036511609385913,0.3557221102360127,0.37131221304292417,0.9905,0.001,9.999000099990002e-05,monte_carlo_sign_flip_plus_one,10000,10000,13926806177754100018,higher,0.005599440055994401
fashion_mnist,paramrepulsor,recall_at_15,full,exploratory_recall_at_15,/home/suzuki/Learn/UMAPing/runs/fashion_mnist/main/metrics/advanced_per_query.csv,/home/suzuki/Learn/UMAPing/runs_external_baselines/20260914T070151Z_3800762/fashion_mnist/paramrepulsor/advanced_per_query.csv,ok,2000,0,0.30290000000000006,0.1385,0.16440000000000002,0.13333333333333336,0.1565,0.17236666666666667,0.7535,0.1115,9.999000099990002e-05,monte_carlo_sign_flip_plus_one,10000,10000,1250685019215383599,higher,0.0047995200479952005
fashion_mnist,paramrepulsor,ndcg,full,exploratory_ndcg,/home/suzuki/Learn/UMAPing/runs/fashion_mnist/main/metrics/advanced_per_query.csv,/home/suzuki/Learn/UMAPing/runs_external_baselines/20260914T070151Z_3800762/fashion_mnist/paramrepulsor/advanced_per_query.csv,ok,2000,0,0.3919148725468671,0.21878366208592706,0.17313121046093996,0.1638815035127647,0.16478693922951504,0.1812116873561166,0.809,0.0,9.999000099990002e-05,monte_carlo_sign_flip_plus_one,10000,10000,10719051087015425006,higher,0.005599440055994401
mnist_oos,ours_oracle_neighbors,recall_at_15,full,exploratory_recall_at_15,/home/suzuki/Learn/UMAPing/runs/mnist_oos/main/metrics/advanced_per_query.csv,/home/suzuki/Learn/UMAPing/runs/mnist_oos/main/metrics/advanced_per_query.csv,ok,2000,0,0.26966666666666667,0.26956666666666673,0.00010000000000000005,0.0,-0.0007,0.0008666666666666667,0.016,0.97,0.8646135386461354,monte_carlo_sign_flip_plus_one,10000,10000,6424891306063904972,higher,1.0
mnist_oos,ours_oracle_neighbors,ndcg,full,exploratory_ndcg,/home/suzuki/Learn/UMAPing/runs/mnist_oos/main/metrics/advanced_per_query.csv,/home/suzuki/Learn/UMAPing/runs/mnist_oos/main/metrics/advanced_per_query.csv,ok,2000,0,0.3486548689158061,0.34832043472592245,0.00033443418988371215,0.0,-0.00040449733103936213,0.0010185552162365078,0.08,0.853,0.3715628437156284,monte_carlo_sign_flip_plus_one,10000,10000,2672964570156071761,higher,1.0
mnist_oos,ours_oracle_neighbors,local_displacement,full,exploratory_local_displacement,/home/suzuki/Learn/UMAPing/runs/mnist_oos/main/metrics/advanced_per_query.csv,/home/suzuki/Learn/UMAPing/runs/mnist_oos/main/metrics/advanced_per_query.csv,ok,2000,0,0.282414811442669,0.2798414328748538,-0.0025733785678151437,0.0,-0.004635149389813342,-0.001197158820109342,0.353,0.2655,9.999000099990002e-05,monte_carlo_sign_flip_plus_one,10000,10000,1856964961878996599,lower,0.003999600039996
mnist_oos,no_repulsion,recall_at_15,full,exploratory_recall_at_15,/home/suzuki/Learn/UMAPing/runs/mnist_oos/main/metrics/advanced_per_query.csv,/home/suzuki/Learn/UMAPing/runs/mnist_oos/main/metrics/advanced_per_query.csv,ok,2000,0,0.26966666666666667,0.26683333333333337,0.002833333333333333,0.0,0.0009666666666666672,0.004699999999999999,0.1715,0.698,0.0040995900409959,monte_carlo_sign_flip_plus_one,10000,10000,460331359153364594,higher,0.08609139086091391
mnist_oos,no_repulsion,ndcg,full,exploratory_ndcg,/home/suzuki/Learn/UMAPing/runs/mnist_oos/main/metrics/advanced_per_query.csv,/home/suzuki/Learn/UMAPing/runs/mnist_oos/main/metrics/advanced_per_query.csv,ok,2000,0,0.3486548689158061,0.34374583298296274,0.00490903593284344,0.0010455719664982377,0.003523991928252209,0.006272410608593068,0.55,0.019,9.999000099990002e-05,monte_carlo_sign_flip_plus_one,10000,10000,4072867262789616472,higher,0.005599440055994401
mnist_oos,no_repulsion,local_displacement,full,exploratory_local_displacement,/home/suzuki/Learn/UMAPing/runs/mnist_oos/main/metrics/advanced_per_query.csv,/home/suzuki/Learn/UMAPing/runs/mnist_oos/main/metrics/advanced_per_query.csv,ok,2000,0,0.282414811442669,0.26128419093813504,-0.02113062050453398,-0.012971767500769144,-0.02331314253308268,-0.01901241101736533,0.343,0.0,9.999000099990002e-05,monte_carlo_sign_flip_plus_one,10000,10000,16547003424959252770,lower,0.003999600039996
mnist_oos,repulsion_oracle_diagnostic,recall_at_15,subset,exploratory_recall_at_15,/home/suzuki/Learn/UMAPing/runs/mnist_oos/main/metrics/advanced_per_query.csv,/home/suzuki/Learn/UMAPing/runs/mnist_oos/main/metrics/advanced_per_query.csv,ok,50,0,0.2786666666666667,0.28,-0.0013333333333333352,0.0,-0.014666666666666668,0.011999999999999997,0.14,0.7,1.0,exact_sign_flip,10000,32768,15320629445839490616,higher,1.0
mnist_oos,repulsion_oracle_diagnostic,ndcg,subset,exploratory_ndcg,/home/suzuki/Learn/UMAPing/runs/mnist_oos/main/metrics/advanced_per_query.csv,/home/suzuki/Learn/UMAPing/runs/mnist_oos/main/metrics/advanced_per_query.csv,ok,50,0,0.35475654137733903,0.35916083341173693,-0.004404292034397881,0.00034813497178823316,-0.011313146463655556,0.0027999912708091008,0.54,0.0,0.23767623237676233,monte_carlo_sign_flip_plus_one,10000,10000,16361585907452021827,higher,1.0
mnist_oos,repulsion_oracle_diagnostic,local_displacement,subset,exploratory_local_displacement,/home/suzuki/Learn/UMAPing/runs/mnist_oos/main/metrics/advanced_per_query.csv,/home/suzuki/Learn/UMAPing/runs/mnist_oos/main/metrics/advanced_per_query.csv,ok,50,0,0.2523368561372181,0.24474376903687475,-0.007593087100343437,-0.0030518304058093637,-0.018633989056434846,0.0032402203743797224,0.4,0.0,0.18068193180681932,monte_carlo_sign_flip_plus_one,10000,10000,2824312937945411872,lower,1.0
mnist_oos,spectral_only,recall_at_15,full,exploratory_recall_at_15,/home/suzuki/Learn/UMAPing/runs/mnist_oos/main/metrics/advanced_per_query.csv,/home/suzuki/Learn/UMAPing/runs/mnist_oos/main/metrics/advanced_per_query.csv,ok,2000,0,0.26966666666666667,0.05553333333333333,0.21413333333333334,0.2,0.2067,0.2214,0.8735,0.082,9.999000099990002e-05,monte_carlo_sign_flip_plus_one,10000,10000,2376306598181626802,higher,0.0047995200479952005
mnist_oos,spectral_only,ndcg,full,exploratory_ndcg,/home/suzuki/Learn/UMAPing/runs/mnist_oos/main/metrics/advanced_per_query.csv,/home/suzuki/Learn/UMAPing/runs/mnist_oos/main/metrics/advanced_per_query.csv,ok,2000,0,0.3486548689158061,0.08744594526261454,0.2612089236531916,0.2510160512495706,0.2533007381965424,0.26909131805330927,0.9425,0.002,9.999000099990002e-05,monte_carlo_sign_flip_plus_one,10000,10000,7864717638762492907,higher,0.005599440055994401
mnist_oos,spectral_only,local_displacement,full,exploratory_local_displacement,/home/suzuki/Learn/UMAPing/runs/mnist_oos/main/metrics/advanced_per_query.csv,/home/suzuki/Learn/UMAPing/runs/mnist_oos/main/metrics/advanced_per_query.csv,ok,2000,0,0.282414811442669,0.6626814258046527,0.38026661436198367,0.2758278423160017,0.35614184264870463,0.4049461730280668,0.7865,0.0,9.999000099990002e-05,monte_carlo_sign_flip_plus_one,10000,10000,665167672212486750,lower,0.003999600039996
mnist_oos,standard_umap,recall_at_15,full,primary_recall15_ours_vs_standard,/home/suzuki/Learn/UMAPing/runs/mnist_oos/main/metrics/advanced_per_query.csv,/home/suzuki/Learn/UMAPing/runs/mnist_oos/main/metrics/advanced_per_query.csv,ok,2000,0,0.26966666666666667,0.23773333333333335,0.03193333333333333,0.0,0.026233333333333338,0.03763333333333333,0.4895,0.217,9.999000099990002e-05,monte_carlo_sign_flip_plus_one,10000,10000,3066505257036215175,higher,0.0007999200079992001
mnist_oos,standard_umap,ndcg,full,exploratory_ndcg,/home/suzuki/Learn/UMAPing/runs/mnist_oos/main/metrics/advanced_per_query.csv,/home/suzuki/Learn/UMAPing/runs/mnist_oos/main/metrics/advanced_per_query.csv,ok,2000,0,0.3486548689158061,0.32253489094358606,0.026119977972220074,0.024760222741580695,0.02075044600287578,0.03143131895634417,0.592,0.0015,9.999000099990002e-05,monte_carlo_sign_flip_plus_one,10000,10000,7782053935860509675,higher,0.005599440055994401
mnist_oos,standard_umap,local_displacement,full,exploratory_local_displacement,/home/suzuki/Learn/UMAPing/runs/mnist_oos/main/metrics/advanced_per_query.csv,/home/suzuki/Learn/UMAPing/runs/mnist_oos/main/metrics/advanced_per_query.csv,ok,2000,0,0.282414811442669,0.38885594461057343,0.10644113316790442,0.08432468145838026,0.09473221376945049,0.11784877038824979,0.661,0.0,9.999000099990002e-05,monte_carlo_sign_flip_plus_one,10000,10000,12753369708137294921,lower,0.003999600039996
mnist_oos,numap,recall_at_15,full,exploratory_recall_at_15,/home/suzuki/Learn/UMAPing/runs/mnist_oos/main/metrics/advanced_per_query.csv,/home/suzuki/Learn/UMAPing/runs_external_baselines/20260914T070151Z_3800762/mnist_oos/numap/advanced_per_query.csv,ok,2000,0,0.26966666666666667,0.04156666666666666,0.22810000000000002,0.2,0.22086666666666668,0.23526666666666668,0.8935,0.076,9.999000099990002e-05,monte_carlo_sign_flip_plus_one,10000,10000,7035285394367662055,higher,0.0047995200479952005
mnist_oos,numap,ndcg,full,exploratory_ndcg,/home/suzuki/Learn/UMAPing/runs/mnist_oos/main/metrics/advanced_per_query.csv,/home/suzuki/Learn/UMAPing/runs_external_baselines/20260914T070151Z_3800762/mnist_oos/numap/advanced_per_query.csv,ok,2000,0,0.3486548689158061,0.06532305906609984,0.28333180984970635,0.2739126959789059,0.27575434255731057,0.29094836617135406,0.966,0.0035,9.999000099990002e-05,monte_carlo_sign_flip_plus_one,10000,10000,7525401808868451140,higher,0.005599440055994401
mnist_oos,paramrepulsor,recall_at_15,full,exploratory_recall_at_15,/home/suzuki/Learn/UMAPing/runs/mnist_oos/main/metrics/advanced_per_query.csv,/home/suzuki/Learn/UMAPing/runs_external_baselines/20260914T070151Z_3800762/mnist_oos/paramrepulsor/advanced_per_query.csv,ok,2000,0,0.26966666666666667,0.1176,0.15206666666666666,0.13333333333333336,0.14500000000000002,0.1591675,0.765,0.1175,9.999000099990002e-05,monte_carlo_sign_flip_plus_one,10000,10000,4346476965372596945,higher,0.0047995200479952005
mnist_oos,paramrepulsor,ndcg,full,exploratory_ndcg,/home/suzuki/Learn/UMAPing/runs/mnist_oos/main/metrics/advanced_per_query.csv,/home/suzuki/Learn/UMAPing/runs_external_baselines/20260914T070151Z_3800762/mnist_oos/paramrepulsor/advanced_per_query.csv,ok,2000,0,0.3486548689158061,0.18483273196730218,0.16382213694850395,0.14867438989992338,0.15634967634894653,0.17126199538850725,0.8355,0.0035,9.999000099990002e-05,monte_carlo_sign_flip_plus_one,10000,10000,2523806170715739630,higher,0.005599440055994401
organoid,ours_oracle_neighbors,recall_at_15,full,exploratory_recall_at_15,/home/suzuki/Learn/UMAPing/runs/organoid/main/metrics/advanced_per_query.csv,/home/suzuki/Learn/UMAPing/runs/organoid/main/metrics/advanced_per_query.csv,ok,766,0,0.1630113141862489,0.1641427328111401,-0.0011314186248912097,0.0,-0.0036553524804177544,0.0013925152306353353,0.08746736292428199,0.8028720626631853,0.42285771422857715,monte_carlo_sign_flip_plus_one,10000,10000,15990044324989599922,higher,1.0
organoid,ours_oracle_neighbors,ndcg,full,exploratory_ndcg,/home/suzuki/Learn/UMAPing/runs/organoid/main/metrics/advanced_per_query.csv,/home/suzuki/Learn/UMAPing/runs/organoid/main/metrics/advanced_per_query.csv,ok,766,0,0.2280536089511471,0.22607671698320905,0.0019768919679380445,0.0,-0.00037921079671928657,0.004390326694805719,0.34986945169712796,0.304177545691906,0.10938906109389061,monte_carlo_sign_flip_plus_one,10000,10000,11387780036131969939,higher,1.0
organoid,ours_oracle_neighbors,local_displacement,full,exploratory_local_displacement,/home/suzuki/Learn/UMAPing/runs/organoid/main/metrics/advanced_per_query.csv,/home/suzuki/Learn/UMAPing/runs/organoid/main/metrics/advanced_per_query.csv,ok,766,0,0.41747073921158434,0.39690904052007686,-0.020561698691507445,-2.782922288405154e-05,-0.027455584661266345,-0.01387817133374549,0.3368146214099217,0.08224543080939947,9.999000099990002e-05,monte_carlo_sign_flip_plus_one,10000,10000,11801530222505517903,lower,0.003999600039996
organoid,no_repulsion,recall_at_15,full,exploratory_recall_at_15,/home/suzuki/Learn/UMAPing/runs/organoid/main/metrics/advanced_per_query.csv,/home/suzuki/Learn/UMAPing/runs/organoid/main/metrics/advanced_per_query.csv,ok,766,0,0.1630113141862489,0.15535248041775457,0.007658833768494343,0.0,0.003742384682332464,0.011488250652741516,0.24281984334203655,0.6057441253263708,0.00019998000199980003,monte_carlo_sign_flip_plus_one,10000,10000,7251401945653198483,higher,0.0047995200479952005
organoid,no_repulsion,ndcg,full,exploratory_ndcg,/home/suzuki/Learn/UMAPing/runs/organoid/main/metrics/advanced_per_query.csv,/home/suzuki/Learn/UMAPing/runs/organoid/main/metrics/advanced_per_query.csv,ok,766,0,0.2280536089511471,0.2207254695438587,0.007328139407288437,0.0026104459536367974,0.003954040723936683,0.010727870733464664,0.5456919060052219,0.030026109660574413,9.999000099990002e-05,monte_carlo_sign_flip_plus_one,10000,10000,12036006751011477523,higher,0.005599440055994401
organoid,no_repulsion,local_displacement,full,exploratory_local_displacement,/home/suzuki/Learn/UMAPing/runs/organoid/main/metrics/advanced_per_query.csv,/home/suzuki/Learn/UMAPing/runs/organoid/main/metrics/advanced_per_query.csv,ok,766,0,0.41747073921158434,0.359095506970468,-0.05837523224111635,-0.047627102544905986,-0.06592188980970413,-0.05130427580674757,0.206266318537859,0.0,9.999000099990002e-05,monte_carlo_sign_flip_plus_one,10000,10000,16708517845295597627,lower,0.003999600039996
organoid,repulsion_oracle_diagnostic,recall_at_15,subset,exploratory_recall_at_15,/home/suzuki/Learn/UMAPing/runs/organoid/main/metrics/advanced_per_query.csv,/home/suzuki/Learn/UMAPing/runs/organoid/main/metrics/advanced_per_query.csv,ok,50,0,0.16266666666666665,0.15066666666666664,0.011999999999999997,0.0,-5.0098813986210064e-18,0.02533333333333333,0.24,0.68,0.1085205078125,exact_sign_flip,10000,65536,4855708995140772184,higher,1.0
organoid,repulsion_oracle_diagnostic,ndcg,subset,exploratory_ndcg,/home/suzuki/Learn/UMAPing/runs/organoid/main/metrics/advanced_per_query.csv,/home/suzuki/Learn/UMAPing/runs/organoid/main/metrics/advanced_per_query.csv,ok,50,0,0.22512497582201038,0.22196613585086375,0.0031588399711466163,0.0005205152861134099,-0.006257778535053343,0.012592709648588314,0.5,0.04,0.5207479252074793,monte_carlo_sign_flip_plus_one,10000,10000,5534398433927513187,higher,1.0
organoid,repulsion_oracle_diagnostic,local_displacement,subset,exploratory_local_displacement,/home/suzuki/Learn/UMAPing/runs/organoid/main/metrics/advanced_per_query.csv,/home/suzuki/Learn/UMAPing/runs/organoid/main/metrics/advanced_per_query.csv,ok,50,0,0.45052929945573394,0.5773125353852667,0.1267832359295328,0.0035937625338197665,-0.002729933334718372,0.3306376212224338,0.56,0.0,0.13928607139286073,monte_carlo_sign_flip_plus_one,10000,10000,4319059112471395004,lower,1.0
organoid,spectral_only,recall_at_15,full,exploratory_recall_at_15,/home/suzuki/Learn/UMAPing/runs/organoid/main/metrics/advanced_per_query.csv,/home/suzuki/Learn/UMAPing/runs/organoid/main/metrics/advanced_per_query.csv,ok,766,0,0.1630113141862489,0.0536118363794604,0.10939947780678849,0.06666666666666667,0.09991296779808528,0.11888598781549173,0.7023498694516971,0.21018276762402088,9.999000099990002e-05,monte_carlo_sign_flip_plus_one,10000,10000,11432319722829216529,higher,0.0047995200479952005
organoid,spectral_only,ndcg,full,exploratory_ndcg,/home/suzuki/Learn/UMAPing/runs/organoid/main/metrics/advanced_per_query.csv,/home/suzuki/Learn/UMAPing/runs/organoid/main/metrics/advanced_per_query.csv,ok,766,0,0.2280536089511471,0.0910254670205074,0.13702814193063972,0.11747663228743438,0.12698443129224532,0.14751285613468051,0.8668407310704961,0.010443864229765013,9.999000099990002e-05,monte_carlo_sign_flip_plus_one,10000,10000,1565106314127092807,higher,0.005599440055994401
organoid,spectral_only,local_displacement,full,exploratory_local_displacement,/home/suzuki/Learn/UMAPing/runs/organoid/main/metrics/advanced_per_query.csv,/home/suzuki/Learn/UMAPing/runs/organoid/main/metrics/advanced_per_query.csv,ok,766,0,0.41747073921158434,0.8009123873925263,0.3834416481809419,0.25256631251565675,0.3205451761098475,0.45280913036749976,0.6919060052219321,0.0,9.999000099990002e-05,monte_carlo_sign_flip_plus_one,10000,10000,10891377472160144284,lower,0.003999600039996
organoid,standard_umap,recall_at_15,full,primary_recall15_ours_vs_standard,/home/suzuki/Learn/UMAPing/runs/organoid/main/metrics/advanced_per_query.csv,/home/suzuki/Learn/UMAPing/runs/organoid/main/metrics/advanced_per_query.csv,ok,766,0,0.1630113141862489,0.14604003481288075,0.016971279373368148,0.0,0.010269799825935597,0.02384682332463011,0.42950391644908614,0.2885117493472585,9.999000099990002e-05,monte_carlo_sign_flip_plus_one,10000,10000,10109844495060148285,higher,0.0007999200079992001
organoid,standard_umap,ndcg,full,exploratory_ndcg,/home/suzuki/Learn/UMAPing/runs/organoid/main/metrics/advanced_per_query.csv,/home/suzuki/Learn/UMAPing/runs/organoid/main/metrics/advanced_per_query.csv,ok,766,0,0.2280536089511471,0.20644796163146126,0.02160564731968583,0.02332298063250149,0.015310103429637952,0.027902552451289628,0.6031331592689295,0.0026109660574412533,9.999000099990002e-05,monte_carlo_sign_flip_plus_one,10000,10000,7900386557935480641,higher,0.005599440055994401
organoid,standard_umap,local_displacement,full,exploratory_local_displacement,/home/suzuki/Learn/UMAPing/runs/organoid/main/metrics/advanced_per_query.csv,/home/suzuki/Learn/UMAPing/runs/organoid/main/metrics/advanced_per_query.csv,ok,766,0,0.41747073921158434,0.5720026395499394,0.15453190033835495,0.13165557135117795,0.12949113218621944,0.17970216804079922,0.7101827676240209,0.0,9.999000099990002e-05,monte_carlo_sign_flip_plus_one,10000,10000,1427146103939917043,lower,0.003999600039996
organoid,numap,recall_at_15,full,exploratory_recall_at_15,/home/suzuki/Learn/UMAPing/runs/organoid/main/metrics/advanced_per_query.csv,/home/suzuki/Learn/UMAPing/runs_external_baselines/20260914T070151Z_3800762/organoid/numap/advanced_per_query.csv,ok,766,0,0.1630113141862489,0.01845082680591819,0.1445604873803307,0.13333333333333333,0.13524804177545693,0.15387293298520455,0.814621409921671,0.15926892950391644,9.999000099990002e-05,monte_carlo_sign_flip_plus_one,10000,10000,333412466660251649,higher,0.0047995200479952005
organoid,numap,ndcg,full,exploratory_ndcg,/home/suzuki/Learn/UMAPing/runs/organoid/main/metrics/advanced_per_query.csv,/home/suzuki/Learn/UMAPing/runs_external_baselines/20260914T070151Z_3800762/organoid/numap/advanced_per_query.csv,ok,766,0,0.2280536089511471,0.028805581881702225,0.19924802706944486,0.16919436338908966,0.1883922319988985,0.21042870160951302,0.9569190600522193,0.0195822454308094,9.999000099990002e-05,monte_carlo_sign_flip_plus_one,10000,10000,9834383879464491032,higher,0.005599440055994401
organoid,paramrepulsor,recall_at_15,full,exploratory_recall_at_15,/home/suzuki/Learn/UMAPing/runs/organoid/main/metrics/advanced_per_query.csv,/home/suzuki/Learn/UMAPing/runs_external_baselines/20260914T070151Z_3800762/organoid/paramrepulsor/advanced_per_query.csv,ok,766,0,0.1630113141862489,0.06762402088772847,0.09538729329852044,0.06666666666666667,0.08642297650130548,0.10426457789382072,0.6762402088772846,0.20365535248041775,9.999000099990002e-05,monte_carlo_sign_flip_plus_one,10000,10000,3070549314294496655,higher,0.0047995200479952005
organoid,paramrepulsor,ndcg,full,exploratory_ndcg,/home/suzuki/Learn/UMAPing/runs/organoid/main/metrics/advanced_per_query.csv,/home/suzuki/Learn/UMAPing/runs_external_baselines/20260914T070151Z_3800762/organoid/paramrepulsor/advanced_per_query.csv,ok,766,0,0.2280536089511471,0.1160477362807009,0.11200587267044618,0.09274276821007414,0.10215633043263936,0.12173117279102687,0.804177545691906,0.014360313315926894,9.999000099990002e-05,monte_carlo_sign_flip_plus_one,10000,10000,6406390371065872213,higher,0.005599440055994401
embryoid_body,ours_oracle_neighbors,recall_at_15,full,exploratory_recall_at_15,/home/suzuki/Learn/UMAPing/runs/embryoid_body/main/metrics/advanced_per_query.csv,/home/suzuki/Learn/UMAPing/runs/embryoid_body/main/metrics/advanced_per_query.csv,ok,6206,0,0.09058975185304545,0.08956923407455149,0.0010205177784939306,0.0,1.074229240519966e-05,0.0020302932645826625,0.132452465356107,0.7447631324524654,0.0522947705229477,monte_carlo_sign_flip_plus_one,10000,10000,6885453800517828603,higher,1.0
embryoid_body,ours_oracle_neighbors,ndcg,full,exploratory_ndcg,/home/suzuki/Learn/UMAPing/runs/embryoid_body/main/metrics/advanced_per_query.csv,/home/suzuki/Learn/UMAPing/runs/embryoid_body/main/metrics/advanced_per_query.csv,ok,6206,0,0.1308434519413982,0.1290274382267496,0.001816013714648612,0.0,0.0009088498433279706,0.00273478718616546,0.4050918466000645,0.21785368997744117,0.00019998000199980003,monte_carlo_sign_flip_plus_one,10000,10000,9663098929288432866,higher,0.005599440055994401
embryoid_body,ours_oracle_neighbors,local_displacement,full,exploratory_local_displacement,/home/suzuki/Learn/UMAPing/runs/embryoid_body/main/metrics/advanced_per_query.csv,/home/suzuki/Learn/UMAPing/runs/embryoid_body/main/metrics/advanced_per_query.csv,ok,6206,0,0.3502894403521624,0.31519003892617337,-0.03509940142598904,-0.00794306541253325,-0.0379308121845331,-0.032349443233441105,0.324041250402836,0.039800193361263295,9.999000099990002e-05,monte_carlo_sign_flip_plus_one,10000,10000,6540141691960962058,lower,0.003999600039996
embryoid_body,no_repulsion,recall_at_15,full,exploratory_recall_at_15,/home/suzuki/Learn/UMAPing/runs/embryoid_body/main/metrics/advanced_per_query.csv,/home/suzuki/Learn/UMAPing/runs/embryoid_body/main/metrics/advanced_per_query.csv,ok,6206,0,0.09058975185304545,0.0867332688795789,0.0038564829734665383,0.0,0.0027070576861102165,0.00498442367601246,0.18095391556558169,0.6830486625845955,9.999000099990002e-05,monte_carlo_sign_flip_plus_one,10000,10000,11592023567429134877,higher,0.0047995200479952005
embryoid_body,no_repulsion,ndcg,full,exploratory_ndcg,/home/suzuki/Learn/UMAPing/runs/embryoid_body/main/metrics/advanced_per_query.csv,/home/suzuki/Learn/UMAPing/runs/embryoid_body/main/metrics/advanced_per_query.csv,ok,6206,0,0.1308434519413982,0.12593998861193811,0.004903463329460114,0.0,0.003946682369169155,0.005882950752021302,0.4970995810505962,0.0866902997099581,9.999000099990002e-05,monte_carlo_sign_flip_plus_one,10000,10000,12628155163422023841,higher,0.005599440055994401
embryoid_body,no_repulsion,local_displacement,full,exploratory_local_displacement,/home/suzuki/Learn/UMAPing/runs/embryoid_body/main/metrics/advanced_per_query.csv,/home/suzuki/Learn/UMAPing/runs/embryoid_body/main/metrics/advanced_per_query.csv,ok,6206,0,0.3502894403521624,0.31223335274951836,-0.0380560876026441,-0.0307197446585544,-0.040172925621178295,-0.0359039593794136,0.2845633258137287,0.0,9.999000099990002e-05,monte_carlo_sign_flip_plus_one,10000,10000,16880104187364069010,lower,0.003999600039996
embryoid_body,repulsion_oracle_diagnostic,recall_at_15,subset,exploratory_recall_at_15,/home/suzuki/Learn/UMAPing/runs/embryoid_body/main/metrics/advanced_per_query.csv,/home/suzuki/Learn/UMAPing/runs/embryoid_body/main/metrics/advanced_per_query.csv,ok,50,0,0.10399999999999998,0.09733333333333334,0.006666666666666667,0.0,-0.005333333333333334,0.020000000000000004,0.16,0.72,0.44140625,exact_sign_flip,10000,16384,6622586860519272041,higher,1.0
embryoid_body,repulsion_oracle_diagnostic,ndcg,subset,exploratory_ndcg,/home/suzuki/Learn/UMAPing/runs/embryoid_body/main/metrics/advanced_per_query.csv,/home/suzuki/Learn/UMAPing/runs/embryoid_body/main/metrics/advanced_per_query.csv,ok,50,0,0.14426672816381253,0.14937712841312994,-0.005110400249317416,0.0,-0.018530489450402237,0.009217736386445371,0.42,0.12,0.4884511548845116,monte_carlo_sign_flip_plus_one,10000,10000,188594542840410521,higher,1.0
embryoid_body,repulsion_oracle_diagnostic,local_displacement,subset,exploratory_local_displacement,/home/suzuki/Learn/UMAPing/runs/embryoid_body/main/metrics/advanced_per_query.csv,/home/suzuki/Learn/UMAPing/runs/embryoid_body/main/metrics/advanced_per_query.csv,ok,50,0,0.3785239365004964,0.42482807940588996,0.0463041429053936,0.013994793486158376,0.012104876121745375,0.08853888425542096,0.6,0.0,0.0098990100989901,monte_carlo_sign_flip_plus_one,10000,10000,6197953778729368493,lower,0.10008999100089991
embryoid_body,spectral_only,recall_at_15,full,exploratory_recall_at_15,/home/suzuki/Learn/UMAPing/runs/embryoid_body/main/metrics/advanced_per_query.csv,/home/suzuki/Learn/UMAPing/runs/embryoid_body/main/metrics/advanced_per_query.csv,ok,6206,0,0.09058975185304545,0.01601675797615211,0.07457299387689333,0.06666666666666667,0.07209125577398216,0.07707621656461489,0.5992587818240412,0.34353851111827266,9.999000099990002e-05,monte_carlo_sign_flip_plus_one,10000,10000,15504944904294300360,higher,0.0047995200479952005
embryoid_body,spectral_only,ndcg,full,exploratory_ndcg,/home/suzuki/Learn/UMAPing/runs/embryoid_body/main/metrics/advanced_per_query.csv,/home/suzuki/Learn/UMAPing/runs/embryoid_body/main/metrics/advanced_per_query.csv,ok,6206,0,0.1308434519413982,0.02811642260007545,0.10272702934132277,0.07873966796628618,0.09988810038942386,0.10560960504878189,0.8264582661940058,0.0691266516274573,9.999000099990002e-05,monte_carlo_sign_flip_plus_one,10000,10000,3374640825511385684,higher,0.005599440055994401
embryoid_body,spectral_only,local_displacement,full,exploratory_local_displacement,/home/suzuki/Learn/UMAPing/runs/embryoid_body/main/metrics/advanced_per_query.csv,/home/suzuki/Learn/UMAPing/runs/embryoid_body/main/metrics/advanced_per_query.csv,ok,6206,0,0.3502894403521624,0.9439218378282321,0.5936323974760699,0.4551826281027882,0.5758062165614347,0.6122205001837666,0.8051885272317112,0.0,9.999000099990002e-05,monte_carlo_sign_flip_plus_one,10000,10000,9158265493702401966,lower,0.003999600039996
embryoid_body,standard_umap,recall_at_15,full,primary_recall15_ours_vs_standard,/home/suzuki/Learn/UMAPing/runs/embryoid_body/main/metrics/advanced_per_query.csv,/home/suzuki/Learn/UMAPing/runs/embryoid_body/main/metrics/advanced_per_query.csv,ok,6206,0,0.09058975185304545,0.07737673219465034,0.013213019658395102,0.0,0.010967880545708453,0.015436674186271352,0.3717370286819207,0.36545278762487915,9.999000099990002e-05,monte_carlo_sign_flip_plus_one,10000,10000,15536858928045767805,higher,0.0007999200079992001
embryoid_body,standard_umap,ndcg,full,exploratory_ndcg,/home/suzuki/Learn/UMAPing/runs/embryoid_body/main/metrics/advanced_per_query.csv,/home/suzuki/Learn/UMAPing/runs/embryoid_body/main/metrics/advanced_per_query.csv,ok,6206,0,0.1308434519413982,0.1171470562930321,0.013696395648366118,0.01015276703471496,0.011565239160946449,0.01584186122419002,0.5525298098614244,0.03335481791814373,9.999000099990002e-05,monte_carlo_sign_flip_plus_one,10000,10000,12281122703883686669,higher,0.005599440055994401
embryoid_body,standard_umap,local_displacement,full,exploratory_local_displacement,/home/suzuki/Learn/UMAPing/runs/embryoid_body/main/metrics/advanced_per_query.csv,/home/suzuki/Learn/UMAPing/runs/embryoid_body/main/metrics/advanced_per_query.csv,ok,6206,0,0.3502894403521624,0.4959845338716492,0.14569509351948676,0.10618695760453212,0.13740859003758343,0.15419907016677745,0.6601675797615211,0.0,9.999000099990002e-05,monte_carlo_sign_flip_plus_one,10000,10000,3308158732144920439,lower,0.003999600039996
embryoid_body,numap,recall_at_15,full,exploratory_recall_at_15,/home/suzuki/Learn/UMAPing/runs/embryoid_body/main/metrics/advanced_per_query.csv,/home/suzuki/Learn/UMAPing/runs_external_baselines/20260914T070151Z_3800762/embryoid_body/numap/advanced_per_query.csv,ok,6206,0,0.09058975185304545,0.006542056074766355,0.08404769577827907,0.06666666666666667,0.08157669996777313,0.08651869158878506,0.6376087657106027,0.3436996455043506,9.999000099990002e-05,monte_carlo_sign_flip_plus_one,10000,10000,9268013290628216233,higher,0.0047995200479952005
embryoid_body,numap,ndcg,full,exploratory_ndcg,/home/suzuki/Learn/UMAPing/runs/embryoid_body/main/metrics/advanced_per_query.csv,/home/suzuki/Learn/UMAPing/runs_external_baselines/20260914T070151Z_3800762/embryoid_body/numap/advanced_per_query.csv,ok,6206,0,0.1308434519413982,0.011478989870717313,0.11936446207068091,0.09120002222557955,0.11657835762023136,0.1222446394256357,0.8805994199162102,0.09200773445053174,9.999000099990002e-05,monte_carlo_sign_flip_plus_one,10000,10000,5739170606807067413,higher,0.005599440055994401
embryoid_body,paramrepulsor,recall_at_15,full,exploratory_recall_at_15,/home/suzuki/Learn/UMAPing/runs/embryoid_body/main/metrics/advanced_per_query.csv,/home/suzuki/Learn/UMAPing/runs_external_baselines/20260914T070151Z_3800762/embryoid_body/paramrepulsor/advanced_per_query.csv,ok,6206,0,0.09058975185304545,0.04858738854871629,0.04200236330432914,0.0,0.039552852078633585,0.04446261682242991,0.4661617789236223,0.3549790525298099,9.999000099990002e-05,monte_carlo_sign_flip_plus_one,10000,10000,14675504385019438173,higher,0.0047995200479952005
embryoid_body,paramrepulsor,ndcg,full,exploratory_ndcg,/home/suzuki/Learn/UMAPing/runs/embryoid_body/main/metrics/advanced_per_query.csv,/home/suzuki/Learn/UMAPing/runs_external_baselines/20260914T070151Z_3800762/embryoid_body/paramrepulsor/advanced_per_query.csv,ok,6206,0,0.1308434519413982,0.08392341663882685,0.046920035302571377,0.03156936140620085,0.04426323635273187,0.04955119192327822,0.6463100225588141,0.04028359651949726,9.999000099990002e-05,monte_carlo_sign_flip_plus_one,10000,10000,6737854517990795590,higher,0.005599440055994401
