metric,method,coil20,coil100,pancreas,pancreas_batch_corrected,fashion_mnist,mnist_oos,organoid,embryoid_body,mean,median,n_datasets,mean_rank,median_rank,n_rank_datasets,wins,top2
recall_at_5,no_repulsion,0.6188888888888888,0.5608888888888889,0.14020089762769822,0.0638597991023723,0.2145,0.1885,0.10548302872062665,0.050692877860135356,0.24287679763607628,0.1643504488138491,8,2.5,3.0,8,2.0,2.0
recall_at_5,numap,0.06277777777777778,0.04400000000000001,0.005257533661038684,0.004103440906176533,0.008,0.0201,0.005221932114882507,0.002578150177247825,0.019004854329640417,0.006628766830519342,8,7.0,7.0,8,0.0,0.0
recall_at_5,ours,0.6283333333333333,0.5586666666666666,0.13840564223124596,0.07980337678991238,0.2187,0.19560000000000002,0.1122715404699739,0.0543989687399291,0.24827244102888263,0.16700282111562298,8,1.375,1.0,8,5.0,8.0
recall_at_5,ours_oracle_neighbors,0.6277777777777778,0.5584444444444445,0.13836289805514002,0.07971788843770036,0.2194,0.1952,0.110443864229765,0.053109893651305196,0.24780709582451663,0.16678144902757003,8,2.125,2.0,8,1.0,6.0
recall_at_5,paramrepulsor,0.36555555555555563,0.21600000000000003,0.03500748023081855,0.01598632186364608,0.0638,0.0533,0.026370757180156662,0.019497260715436674,0.0994396719432017,0.044153740115409276,8,5.125,5.0,8,0.0,0.0
recall_at_5,spectral_only,0.21944444444444444,0.30988888888888894,0.026886086770677498,0.004787347723872622,0.039,0.027800000000000002,0.024281984334203657,0.006090879793747985,0.08227245399447941,0.02734304338533875,8,5.875,6.0,8,0.0,0.0
recall_at_5,standard_umap,0.5461111111111111,0.4630000000000001,0.09848258174823679,0.04035050224406925,0.16,0.13340000000000002,0.06631853785900783,0.03364485981308411,0.19266344909693867,0.1159412908741184,8,4.0,4.0,8,0.0,0.0
recall_at_10,no_repulsion,0.7477777777777778,0.6700555555555555,0.1969224193203676,0.08730497969651635,0.26780000000000004,0.23835000000000003,0.1314621409921671,0.07080244924266837,0.3013094153231316,0.21763620966018382,8,2.3125,3.0,8,3.0,3.0
recall_at_10,numap,0.08277777777777778,0.05794444444444445,0.009895276768540285,0.007181021585808934,0.012950000000000001,0.03225,0.011618798955613577,0.004785691266516274,0.027425376349837664,0.012284399477806789,8,7.0,7.0,8,0.0,0.0
recall_at_10,ours,0.7466666666666667,0.6700555555555556,0.19690104723231458,0.10309895276768541,0.2691,0.2424,0.14308093994778068,0.07447631324524655,0.3057224344269062,0.21965052361615728,8,1.6875,2.0,8,3.0,8.0
recall_at_10,ours_oracle_neighbors,0.746388888888889,0.67,0.19615302415045952,0.10367599914511648,0.26975,0.24215,0.14086161879895562,0.0752175314212053,0.3055246328005783,0.21915151207522976,8,2.0,2.0,8,3.0,5.0
recall_at_10,paramrepulsor,0.513611111111111,0.3528333333333333,0.06518486856165848,0.02906603975208378,0.10345000000000001,0.08880000000000002,0.047650130548302874,0.035062842410570415,0.1544572907146325,0.07699243428082925,8,5.125,5.0,8,0.0,0.0
recall_at_10,spectral_only,0.2972222222222222,0.36194444444444446,0.04342808292370165,0.008164137636247062,0.06155,0.04395,0.039556135770234986,0.01145665485014502,0.10840895973087443,0.043689041461850826,8,5.875,6.0,8,0.0,0.0
recall_at_10,standard_umap,0.715,0.6221111111111112,0.16319726437272922,0.06862577473819192,0.23720000000000002,0.196,0.11396866840731072,0.057605543022881095,0.271713545206528,0.17959863218636463,8,4.0,4.0,8,0.0,0.0
recall_at_15,no_repulsion,0.7757407407407407,0.6935925925925926,0.23581961957683262,0.1046092469900976,0.3013,0.26683333333333337,0.15535248041775457,0.0867332688795789,0.3274976603163663,0.251326476455083,8,3.0,3.0,4,0.0,0.0
recall_at_15,numap,0.09518518518518518,0.06855555555555555,0.013364679062477737,0.010059129443613308,0.017900000000000003,0.04156666666666666,0.01845082680591819,0.006520571489955957,0.033950326776171574,0.018175413402959098,8,9.0,9.0,4,0.0,0.0
recall_at_15,ours,0.773888888888889,0.6938148148148148,0.2365462705706348,0.11697656194343518,0.30290000000000006,0.26966666666666667,0.1630113141862489,0.09058975185304545,0.33092428361546683,0.2531064686186507,8,1.5,1.5,4,2.0,4.0
recall_at_15,ours_oracle_neighbors,0.7740740740740741,0.6938888888888889,0.2366602550402508,0.11733276341098525,0.3033666666666667,0.26956666666666673,0.1641427328111401,0.08956923407455149,0.33107516020415306,0.25311346085345876,8,1.5,1.5,4,2.0,4.0
recall_at_15,paramrepulsor,0.6016666666666667,0.44370370370370377,0.09380921849398019,0.04083493623993731,0.1385,0.1176,0.06762402088772847,0.04858738854871629,0.1940407418175916,0.1057046092469901,8,7.0,7.0,4,0.0,0.0
recall_at_15,reduced_repulsion_umap,NaN,NaN,NaN,NaN,0.2893,0.23943333333333333,0.14612706701479547,0.07556128477817166,0.1876054212815751,0.1927802001740644,4,4.25,4.0,4,0.0,0.0
recall_at_15,spectral_only,0.32925925925925925,0.38662962962962966,0.05744817268647146,0.01145543919640949,0.07986666666666667,0.05553333333333333,0.0536118363794604,0.01601675797615211,0.1237276368909228,0.056490753009902396,8,8.0,8.0,4,0.0,0.0
recall_at_15,standard_umap,0.7611111111111111,0.6773703703703704,0.21044382702856732,0.09031844411198975,0.2859666666666667,0.23773333333333335,0.14604003481288075,0.07737673219465034,0.31079506495369624,0.22408858018095035,8,4.75,5.0,4,0.0,0.0
recall_at_15,weighted_knn,NaN,NaN,NaN,NaN,0.2557,0.20456666666666667,0.11201044386422976,0.06084434418304867,0.15828036367848627,0.15828855526544822,4,6.0,6.0,4,0.0,0.0
recall_at_30,no_repulsion,0.729537037037037,0.6861111111111111,0.2978984113414547,0.14051435491914227,0.3574833333333334,0.31693333333333334,0.2063533507397737,0.1206842840262112,0.3569394019801746,0.30741587233739404,8,2.625,3.0,8,1.0,2.0
recall_at_30,numap,0.09361111111111112,0.09077777777777778,0.02283251406995797,0.017589228467621287,0.028566666666666667,0.062433333333333334,0.02732811140121845,0.011429799119132023,0.04432106774335232,0.02794738903394256,8,7.0,7.0,8,0.0,0.0
recall_at_30,ours,0.729074074074074,0.6859074074074073,0.29913086841917785,0.15020303483650352,0.35855000000000004,0.31955,0.21166231505657093,0.12479321087119992,0.3598588638331167,0.3093404342095889,8,1.625,1.0,8,6.0,6.0
recall_at_30,ours_oracle_neighbors,0.7291666666666666,0.6859814814814816,0.29843271354277984,0.14961174040037045,0.35831666666666667,0.3193666666666667,0.2102697998259356,0.12308518637877323,0.3592788652036676,0.3088996901047233,8,2.125,2.0,8,0.0,7.0
recall_at_30,paramrepulsor,0.6555555555555556,0.5630740740740741,0.15686400227968939,0.06813421671297284,0.2136,0.1807,0.11583986074847694,0.08347835428080351,0.25465575795644657,0.1687820011398447,8,5.0,5.0,8,0.0,0.0
recall_at_30,spectral_only,0.4099074074074074,0.4285,0.09246990097599203,0.02055282467763767,0.12016666666666667,0.08480000000000001,0.08986074847693647,0.027747341282629717,0.15925061118590875,0.09116532472646424,8,6.0,6.0,8,0.0,0.0
recall_at_30,standard_umap,0.7338888888888888,0.6785370370370369,0.2817054926266296,0.12581748236802737,0.3538166666666667,0.3052333333333333,0.19547432550043517,0.1131915350735847,0.34845809518682536,0.2934694129799814,8,3.625,4.0,8,1.0,1.0
ndcg,no_repulsion,0.7967581329060096,0.7477084410931182,0.3228471674870938,0.14747666745770358,0.38980646928315354,0.34374583298296274,0.2207254695438587,0.12593998861193811,0.3868760211707298,0.33329650023502827,8,2.625,3.0,8,1.0,2.0
ndcg,numap,0.10343334834528845,0.09586313333822154,0.02326815611167032,0.01796243266758236,0.028514373405536402,0.06532305906609984,0.028805581881702225,0.011478989870717313,0.04683113433585231,0.028659977643619314,8,7.0,7.0,8,0.0,0.0
ndcg,ours,0.7968993844835426,0.7478108021020754,0.3209751878140304,0.16116577118708597,0.3919148725468671,0.3486548689158061,0.2280536089511471,0.1308434519413982,0.3907897434927441,0.3348150283649183,8,1.125,1.0,8,7.0,8.0
ndcg,ours_oracle_neighbors,0.7966432564588968,0.7477760216612591,0.32034123207990517,0.16042794500216484,0.391752489408962,0.34832043472592245,0.22607671698320905,0.1290274382267496,0.3900456918183836,0.3343308334029138,8,2.25,2.0,8,0.0,6.0
ndcg,paramrepulsor,0.6959457968088201,0.5856655936596308,0.15339477508489388,0.06827522033335623,0.21878366208592706,0.18483273196730218,0.1160477362807009,0.08392341663882685,0.2633586166074322,0.16911375352609803,8,5.0,5.0,8,0.0,0.0
ndcg,spectral_only,0.4380287566591548,0.4661156240175856,0.09539750439839842,0.020816242908539603,0.12400943741186428,0.08744594526261454,0.0910254670205074,0.02811642260007545,0.1688694250348425,0.09321148570945291,8,6.0,6.0,8,0.0,0.0
ndcg,standard_umap,0.7959176487458358,0.7370252216959087,0.2975585383800351,0.1314332844100377,0.37905511366370287,0.32253489094358606,0.20644796163146126,0.1171470562930321,0.3733899644704499,0.31004671466181055,8,4.0,4.0,8,0.0,0.0
reference_trustworthiness,no_repulsion,0.9922934113552215,0.9947148279021071,0.9858936718407683,0.8718986252988248,0.9849543690488123,0.9670598817279743,0.865072354805069,0.9545034600888267,0.9520488252584505,0.9760071253883933,8,2.0,2.0,4,4.0,4.0
reference_trustworthiness,numap,0.5157018465958864,0.5302509545687277,0.6106322501704087,0.6371127953960991,0.5713688884434198,0.6451448037152117,0.5570853939356888,0.606999636025209,0.5842870711063314,0.5891842622343144,8,9.0,9.0,4,0.0,0.0
reference_trustworthiness,ours,0.9922934113552215,0.9947148279021071,0.9858936718407683,0.8718986252988248,0.9849543690488123,0.9670598817279743,0.865072354805069,0.9545034600888267,0.9520488252584505,0.9760071253883933,8,2.0,2.0,4,4.0,4.0
reference_trustworthiness,ours_oracle_neighbors,0.9922934113552215,0.9947148279021071,0.9858936718407683,0.8718986252988248,0.9849543690488123,0.9670598817279743,0.865072354805069,0.9545034600888267,0.9520488252584505,0.9760071253883933,8,2.0,2.0,4,4.0,4.0
reference_trustworthiness,paramrepulsor,0.9866445332118622,0.9910977551849786,0.9814247395683969,0.8493667465938758,0.9769166429454412,0.9486656763890281,0.8591755517015901,0.9488414714891107,0.9427666396355354,0.962879057217276,8,6.25,7.0,4,0.0,0.0
reference_trustworthiness,reduced_repulsion_umap,NaN,NaN,NaN,NaN,0.983903425879523,0.960418568039825,0.8545979917193369,0.9512758790299839,0.9375489661671672,0.9558472235349045,4,5.25,5.0,4,0.0,0.0
reference_trustworthiness,spectral_only,0.8974504479250616,0.9139306557192615,0.9025599946663171,0.7372885581966455,0.9191215956700411,0.8018554461929104,0.6573492439899769,0.853797338598135,0.8354191601197936,0.8756238932615983,8,8.0,8.0,4,0.0,0.0
reference_trustworthiness,standard_umap,0.9917509957134681,0.9943961133038066,0.984596400758967,0.8588438988636953,0.983903425879523,0.960418568039825,0.8545979917193369,0.9512758790299839,0.9474729091635757,0.972160996959674,8,5.25,5.0,4,0.0,0.0
reference_trustworthiness,weighted_knn,NaN,NaN,NaN,NaN,0.983903425879523,0.960418568039825,0.8545979917193369,0.9512758790299839,0.9375489661671672,0.9558472235349045,4,5.25,5.0,4,0.0,0.0
label_knn_accuracy,no_repulsion,0.875,0.8861111111111111,0.9749946569779867,0.9608890788630049,0.7615,0.9415,0.4765013054830287,0.6745085401224621,0.8188755865696992,0.8805555555555555,8,3.0,3.0,4,0.0,1.0
label_knn_accuracy,numap,0.23055555555555557,0.18388888888888888,0.5605898696302629,0.5347296430861295,0.426,0.577,0.3785900783289817,0.4017080244924267,0.4116327574977806,0.4138540122462133,8,9.0,9.0,4,0.0,0.0
label_knn_accuracy,ours,0.8694444444444445,0.8866666666666667,0.9747809360974568,0.9587518700577047,0.764,0.942,0.49216710182767626,0.6851434096036094,0.8216193035871948,0.8780555555555556,8,1.125,1.0,4,4.0,4.0
label_knn_accuracy,ours_oracle_neighbors,0.8694444444444445,0.8866666666666667,0.9737123316948065,0.9598204744603548,0.7625,0.9395,0.49216710182767626,0.6828875281985176,0.8208373184115583,0.8780555555555556,8,2.125,2.0,4,1.0,3.0
label_knn_accuracy,paramrepulsor,0.825,0.8072222222222222,0.9638811711904253,0.930540713827741,0.7115,0.8225,0.3981723237597911,0.6688688366097325,0.765960658451239,0.814861111111111,8,6.75,7.0,4,0.0,0.0
label_knn_accuracy,reduced_repulsion_umap,NaN,NaN,NaN,NaN,0.756,0.9345,0.47911227154047,0.6735417338059942,0.7107885013366161,0.7147708669029971,4,4.0,4.0,4,0.0,0.0
label_knn_accuracy,spectral_only,0.7,0.71,0.7764479589655909,0.8516777089121608,0.6395,0.628,0.37989556135770236,0.5349661617789236,0.6525609238767972,0.66975,8,8.0,8.0,4,0.0,0.0
label_knn_accuracy,standard_umap,0.8527777777777777,0.8683333333333333,0.961530241504595,0.9354562940799316,0.7575,0.932,0.46475195822454307,0.6704801804705124,0.8053537231738366,0.8605555555555555,8,4.75,5.0,4,0.0,0.0
label_knn_accuracy,weighted_knn,NaN,NaN,NaN,NaN,0.743,0.9005,0.4608355091383812,0.6461488881727361,0.6876210993277794,0.694574444086368,4,6.25,6.0,4,0.0,0.0
fit_time_seconds,numap,68.1835916005075,94.44176206551492,206.55400990974158,328.74541282840073,183.45865129027516,221.71946354582906,74.67698264401406,539.1541398866102,214.61675172136165,195.00633060000837,8,4.0,4.0,4,0.0,0.0
fit_time_seconds,paramrepulsor,9.564715498127043,35.28862640541047,52.12665478605777,57.15076576452702,54.48820396326482,55.15696748252958,32.15559869911522,93.24079600349069,48.64654107531533,53.3074293746613,8,3.0,3.0,4,0.0,0.0
fit_time_seconds,reduced_repulsion_umap,NaN,NaN,NaN,NaN,21.51343897730112,10.036383426748216,6.823890786617994,18.48510859813541,14.214705447200686,14.260746012441814,4,1.25,1.0,4,3.0,4.0
fit_time_seconds,standard_umap,NaN,NaN,NaN,NaN,15.199258425273001,10.712569172494113,9.078072676435113,19.634349490515888,13.656062441179529,12.955913798883557,4,1.75,2.0,4,1.0,4.0
mean_query_latency_seconds,no_repulsion,0.032786239753477275,0.03162740914099332,0.03595356252498257,0.03043845723112231,0.031256744207348676,0.1516205161730759,0.14814032241580496,0.03189975036250543,0.061715375226163806,0.032342995057991354,8,4.0,4.0,4,0.0,0.0
mean_query_latency_seconds,numap,0.0019007691363286641,0.00034655132123993505,0.00014997245717995135,0.00015038067304182318,5.204615416005254e-05,0.0003053563171997666,0.0008944680576283222,0.00011195985302016922,0.0004889379962248355,0.0002278684951207949,8,2.25,2.5,4,1.0,2.0
mean_query_latency_seconds,ours,0.08365976860643261,0.08117086206614557,0.08900469672241369,0.08062151439653538,0.08465528387669474,0.3566884375717491,0.35323837182822565,0.08636873875811571,0.15192595922828905,0.08551201131740523,8,5.25,5.0,4,0.0,0.0
mean_query_latency_seconds,ours_oracle_neighbors,0.08361580579852064,0.20021089475912351,0.19998969242444886,0.2000014029216753,0.20447841995302588,0.4021591167668812,0.34539415482212804,0.1999910014943837,0.2294800611175234,0.2001061488403994,8,5.75,6.0,4,0.0,0.0
mean_query_latency_seconds,paramrepulsor,0.0002522055758163333,4.692942007548279e-05,1.9723692995267793e-05,2.9261288063715707e-05,5.3022739943116905e-05,5.1798727829009295e-05,0.00012230823137469141,1.8119229747524503e-05,7.417111323064271e-05,4.9364073952246044e-05,8,1.25,1.0,4,3.0,4.0
mean_query_latency_seconds,weighted_knn,NaN,NaN,NaN,NaN,0.00034206122951582074,0.00025203095888718963,0.0002912068386943938,0.0003890335282819274,0.00031858313884483287,0.0003166340341051073,4,2.5,2.5,4,0.0,2.0
local_displacement,no_repulsion,0.22080719017163486,0.3035169247215519,0.41679020578432646,0.30200129921822566,0.2613894459372523,0.26128419093813504,0.359095506970468,0.31223335274951836,0.3046397645613891,0.3027591119698888,8,1.0,1.0,8,8.0,8.0
local_displacement,ours,0.2667951029096953,0.30782662937016336,0.43502234129973927,0.4009813900978557,0.2845988152159605,0.282414811442669,0.41747073921158434,0.3502894403521624,0.34317490873747875,0.3290580348611629,8,3.0,3.0,8,0.0,0.0
local_displacement,ours_oracle_neighbors,0.2661298906219345,0.3075979744915409,0.42354721977959475,0.39236094700611035,0.2831786046524969,0.2798414328748538,0.39690904052007686,0.31519003892617337,0.33309439360909765,0.31139400670885714,8,2.0,2.0,8,0.0,8.0
local_displacement,spectral_only,0.8416208900374382,0.4744313535740143,1.2129516877512678,1.6374879865407574,0.8140828746098198,0.6626814258046527,0.8009123873925263,0.9439218378282321,0.9235113054423387,0.8278518823236289,8,4.625,5.0,8,0.0,0.0
local_displacement,standard_umap,0.5433300137443183,2.2136486105074002,1.6435873639742236,2.1538449056311233,0.3841399929880161,0.38885594461057343,0.5720026395499394,0.4959845338716492,1.0494242506096554,0.5576663266471289,8,4.375,4.0,8,0.0,0.0
fuzzy_weighted_mse,no_repulsion,0.06299117668777883,0.03707916318642416,0.13748710360041153,0.17504724027633242,0.10913543835493658,0.12110272485069788,0.3002541543769575,0.15702984386740235,0.13751585565011765,0.1292949142255547,8,2.25,2.0,8,1.0,5.0
fuzzy_weighted_mse,ours,0.0641396180835477,0.03712060633364844,0.139583377153776,0.17976438135413117,0.10974344384212446,0.12169952028515119,0.3033819463258104,0.15919937980539686,0.13932903414794828,0.1306414487194636,8,3.875,4.0,8,0.0,1.0
fuzzy_weighted_mse,ours_oracle_neighbors,0.0638513410696194,0.03715752554301147,0.13640848813724094,0.17823983221329898,0.10952053568359878,0.12122384545788253,0.3002570688298597,0.1558437435841364,0.13781279756483103,0.12881616679756175,8,2.875,3.0,8,1.0,2.0
fuzzy_weighted_mse,spectral_only,0.019045803717843836,0.06371036370878086,0.2735469403905965,0.45120239037489507,0.2871489477441236,0.251442004863033,0.056987017745391284,0.23168920883779437,0.2043465846728073,0.24156560685041367,8,4.0,5.0,8,2.0,2.0
fuzzy_weighted_mse,standard_umap,0.049392492861816815,0.04532766143634376,0.1558926672639922,0.1615890100700833,0.06860658887191885,0.08444514767585817,0.24497505657311497,0.1100128883195759,0.11503018913408801,0.09722901799771703,8,2.0,1.5,8,4.0,6.0
fuzzy_weighted_bce,no_repulsion,0.26195611223426635,0.16088903951251868,0.5470671584530521,0.5658445035194778,0.36398959105201223,0.44343181891961536,0.8823996037379781,0.5013505578381393,0.4658660481583825,0.47239118837887734,8,2.25,2.5,8,2.0,4.0
fuzzy_weighted_bce,ours,0.26513433996184554,0.16105748139496226,0.5509083526286671,0.5774732569350203,0.36522101926881373,0.44443118966725703,0.8944325263149101,0.5060705185811175,0.4705910855940742,0.47525085412418727,8,3.75,4.0,8,0.0,1.0
fuzzy_weighted_bce,ours_oracle_neighbors,0.26393139549317945,0.16108216896007307,0.5394059322108375,0.5723427214612067,0.36464944781070247,0.4423366561293129,0.8847355872008505,0.49715813331351505,0.4657052553224597,0.46974739472141397,8,2.625,2.5,8,1.0,4.0
fuzzy_weighted_bce,spectral_only,0.08252607852827744,0.21393207330098993,0.7738546975520861,1.2816661626538608,0.79026877761257,0.7076590396362218,0.19407858992572435,0.657761817263303,0.5877184045591292,0.6827104284497624,8,4.0,5.0,8,2.0,2.0
fuzzy_weighted_bce,standard_umap,0.23730774717629013,0.20732876507158515,0.644987523650471,0.5901140605598488,0.25448563140625263,0.3327954873827233,0.7065605029846661,0.37241613124387246,0.4182494811844637,0.3526058093132979,8,2.375,2.0,8,3.0,5.0
repulsion_accumulation_score,no_repulsion,0.25218143857394654,0.31680445034056903,0.30773570103826886,0.2603470682242452,0.2391348843695596,0.2302807092780713,0.2747577727777159,0.26136971391144165,0.26782646731422727,0.2608583910678434,8,1.0,1.0,8,8.0,8.0
repulsion_accumulation_score,ours,0.3080378282168466,0.32278732142669875,0.3260713270086127,0.34264095252959786,0.25887272922787813,0.2477006820535753,0.32011041652980227,0.29110513743096583,0.30216579930299714,0.31407412237332444,8,3.0,3.0,8,0.0,0.0
repulsion_accumulation_score,ours_oracle_neighbors,0.30768447786621334,0.3226080205397577,0.31695702928511515,0.33674969375987407,0.2564651932802517,0.24607052399043458,0.31021592594067965,0.2739970776656282,0.2963434927909943,0.30895020190344646,8,2.0,2.0,8,0.0,8.0
repulsion_accumulation_score,spectral_only,0.5909749363083392,0.49530640938319265,0.6310750745898891,0.7515472193386109,0.5166291372790002,0.45712208993639797,0.4872467171585591,0.5461662324569229,0.559508477056364,0.5313976848679616,8,5.0,5.0,8,0.0,0.0
repulsion_accumulation_score,standard_umap,0.48634806087033616,0.42612840808643443,0.39678642174977824,0.5007762027145838,0.2712824198639719,0.27872947381972335,0.4073536714358686,0.345447560367266,0.38910652736349527,0.4020700465928234,8,4.0,4.0,8,0.0,0.0
periphery_percentile,no_repulsion,43.96090534979423,46.434156378600825,57.189699843804796,48.21038441634842,49.829544740595956,46.31460769266868,48.413758801672365,50.38218383753806,48.841905132627915,48.31207160901039,8,1.25,1.0,8,6.0,8.0
periphery_percentile,ours,47.901234567901234,46.55967078189301,57.516004396917324,53.21964041840486,50.14294305735766,47.20132456719411,50.527455436651515,50.54615038839524,50.45180295183937,50.33519924700459,8,2.875,3.0,8,0.0,2.0
periphery_percentile,ours_oracle_neighbors,47.80864197530864,46.51440329218107,57.63293738408498,52.98424655884509,50.18326821863947,47.27505709252649,49.8285798130961,50.47061617914151,50.33721881422792,50.005924015867784,8,2.625,2.5,8,0.0,4.0
periphery_percentile,spectral_only,57.40226337448559,50.25925925925926,41.08307601986211,55.0728983709264,50.37183914160014,49.209360158523864,69.44471665255833,50.91919337436892,52.97032579394808,50.64551625798453,8,4.125,4.5,8,1.0,1.0
periphery_percentile,standard_umap,57.56172839506173,54.94032921810699,71.76569026046835,54.77851576434456,50.60068930540452,49.18477025104149,55.25281192778578,50.07504781356992,55.51994786697291,54.85942249122577,8,4.125,4.5,8,1.0,1.0
