query_index,query_id,timepoint,recall,ndcg,density_log_distortion,zero_recall,seconds
3175,CTGGCACTATTCTC-1,4-5,0.13333333333333333,0.11735914726981254,0.027806118,False,0.39092981815338135
7113,ACTTAGCTTACGAC-1,8-9,0.06666666666666667,0.04481043185393461,0.39168948,False,0.39206373877823353
4145,GGACCCGAGGTGGA-1,4-5,0.13333333333333333,0.25591382741790714,0.40328568,False,0.3171105971559882
7787,ATCCGCACAGGAGC-1,8-9,0.2,0.14562716427175065,0.0063794106,False,0.4813777981325984
1916,CAATAAACCGAGTT-1,4-5,0.13333333333333333,0.1195825111797196,0.7305502,False,0.41055350843816996
10591,GGCCAGACGGTACT-1,8-9,0.2,0.25371927092256186,0.21698487,False,0.3990012016147375
182,AACTCACTAGCACT-1,4-5,0.3333333333333333,0.4357970060389245,0.3347891,False,0.3957265168428421
10682,GGGCCATGAGAAGT-1,8-9,0.2,0.2814203051637083,0.024475522,False,0.3980911457911134
1464,ATCACTTGCGACTA-1,4-5,0.13333333333333333,0.10342453430737154,0.35921514,False,0.3993692249059677
9828,GACGTCCTCTCAGA-1,8-9,0.0,0.0,0.3280726,True,0.3989708749577403
2631,CGACCTACGGGCAA-1,4-5,0.13333333333333333,0.09412755590387012,0.13803095,False,0.40092186629772186
10294,GCGACTCTTAGACC-1,8-9,0.2,0.15691620716100144,0.105912104,False,0.39942246954888105
3576,GAGGGCCTAACGTC-1,4-5,0.13333333333333333,0.24408660918242647,0.53335595,False,0.31949709448963404
10620,GGCTAAACACACTG-1,8-9,0.0,0.0,0.5522963,True,0.3986710924655199
5370,TCATGTACAAGCCT-1,4-5,0.0,0.0,0.102827,True,0.3908262103796005
12328,TTCAGTTGGGTGTT-1,8-9,0.13333333333333333,0.0974900145477079,0.029138982,False,0.3966695452108979
4396,GGTGGAGATGGTTG-1,4-5,0.0,0.0,0.36121702,True,0.23667899332940578
8026,ATTGAATGTAGTCG-1,8-9,0.2,0.2789716859181957,0.09383082,False,0.07050067186355591
928,AGAGAATGTCACCC-1,4-5,0.13333333333333333,0.08847923037887294,0.603417,False,0.06706766225397587
7101,ACTGGCCTTCACCC-1,8-9,0.06666666666666667,0.04265230456965119,0.2789261,False,0.06703123264014721
1262,AGTCAGACGACTAC-1,4-5,0.0,0.0,0.19014107,True,0.0667989682406187
9051,CGCCGAGACCGCTT-1,8-9,0.13333333333333333,0.11459344576048992,0.34848773,False,0.06723020877689123
5186,TATCCAACCTGTAG-1,4-5,0.06666666666666667,0.07347739090382172,0.5185679,False,0.06663047056645155
10086,GCAAACTGTCGCCT-1,8-9,0.0,0.0,0.0858705,True,0.06672097835689783
2818,CGGGCATGTGCGTA-1,4-5,0.0,0.0,0.26484066,True,0.06684333644807339
9497,CTGCAGCTTCAGAC-1,8-9,0.06666666666666667,0.08530460913930238,0.079991415,False,0.06737382244318724
1864,CAAGAAGACAGAGG-1,4-5,0.13333333333333333,0.1587820000431241,0.17949334,False,0.06737055350095034
11936,TGAGCTGATAAGCC-1,8-9,0.0,0.0,0.471613,True,0.0669630840420723
1288,AGTGCAACGTATGC-1,4-5,0.0,0.0,0.13433997,True,0.06685992609709501
7059,ACTCCCGACAGTCA-1,8-9,0.06666666666666667,0.046105120275897894,0.454589,False,0.06715278793126345
637,ACGAGGGACTCTCG-1,4-5,0.06666666666666667,0.049317124049935504,0.13102764,False,0.0672063697129488
9475,CTGAGAACGGTACT-1,8-9,0.13333333333333333,0.09894873014051422,0.27526364,False,0.06739836279302835
5803,TGGAACTGGTTTGG-1,4-5,0.0,0.0,0.16976285,True,0.0670056575909257
6610,AATAGGGAGGGCAA-1,8-9,0.06666666666666667,0.049317124049935504,0.104133435,False,0.06705261766910553
2896,CGTTTAACTGAGAA-1,4-5,0.13333333333333333,0.09298592257487384,0.10950115,False,0.06708248239010572
12253,TTAGACCTGTACAC-1,8-9,0.0,0.0,0.5664207,True,0.06708404701203108
1485,ATCCTAACCCCTTG-1,4-5,0.13333333333333333,0.22747895770480633,0.4358534,False,0.06684786826372147
6752,ACAGACACAGCGGA-1,8-9,0.0,0.0,0.38559198,True,0.06681253481656313
5547,TCTAAGCTCTTCTA-1,4-5,0.2,0.21210240937361127,0.19306505,False,0.06695244740694761
7046,ACTATCACACCTCC-1,8-9,0.0,0.0,0.46852726,True,0.06687321420758963
1277,AGTGAAGACCATAG-1,4-5,0.0,0.0,0.34027684,True,0.06696191616356373
11071,GTTCATACAGTAGA-1,8-9,0.06666666666666667,0.08530460913930238,0.24758348,False,0.06699271034449339
1537,ATCTACTGGCGATT-1,4-5,0.13333333333333333,0.21992634232854028,0.01614371,False,0.06699520908296108
7619,AGTTTAGAGCGAGA-1,8-9,0.2,0.15550138730290575,0.12955715,False,0.06758770812302828
1218,AGTAAGGAGGGATG-1,4-5,0.0,0.0,0.52391136,True,0.0671927435323596
11600,TCACGAGACGTTGA-1-1,8-9,0.0,0.0,0.33033526,True,0.06713118404150009
181,AACTCACTACAGCT-1,4-5,0.06666666666666667,0.05135849223864361,0.5259642,False,0.06689433194696903
9684,GAAGGGTGAGAGTA-1,8-9,0.0,0.0,0.09028558,True,0.06684215180575848
5983,TTACTCGATCAGAC-1,4-5,0.13333333333333333,0.13912582516207192,0.17302313,False,0.06697284057736397
12168,TGTCAGGAGATAAG-1,8-9,0.06666666666666667,0.043668798524938345,0.81324375,False,0.06696155294775963
3401,GACAGTACCGTAGT-1,4-5,0.4,0.3760674836116041,0.048857614,False,0.06694486364722252
6612,AATAGGGATACGAC-1,8-9,0.0,0.0,0.09064382,True,0.06694827415049076
942,AGAGCTACACGTAC-1,4-5,0.06666666666666667,0.05135849223864361,0.3227859,False,0.06686326023191214
8104,CAACCGCTACACAC-1,8-9,0.0,0.0,0.5297352,True,0.06653964705765247
1690,ATTAGTGAGGGATG-1,4-5,0.13333333333333333,0.09125903642680894,0.30325952,False,0.06695414520800114
8173,CAATAAACCGAATC-1,8-9,0.06666666666666667,0.10764243204553911,0.4550932,False,0.06690403260290623
3488,GACTCCTGGGACAG-1,4-5,0.0,0.0,0.17808169,True,0.06700168922543526
8214,CACAATCTGTCATG-1,8-9,0.26666666666666666,0.347511143489798,0.03527687,False,0.06699221301823854
6152,TTGAGGACGCAGAG-1,4-5,0.0,0.0,0.47973013,True,0.06708885543048382
8660,CCAGCTACATGTCG-1,8-9,0.13333333333333333,0.0954222443258334,0.510106,False,0.06722736172378063
1642,ATGTACCTTGGTCA-1,4-5,0.13333333333333333,0.10067561628857913,0.11543607,False,0.06716745626181364
10197,GCATGTGAACTACG-1,8-9,0.2,0.22593025480329543,0.2571354,False,0.06698586046695709
1183,AGGTACTGACCTGA-1,4-5,0.06666666666666667,0.06077222973772036,0.38529643,False,0.06713192351162434
6341,AAATTGACTAGTCG-1,8-9,0.2,0.20817500359667288,0.27180916,False,0.06686896737664938
2304,CATTTGACTCTCCG-1,4-5,0.13333333333333333,0.11828782275775633,0.21874335,False,0.0669966172426939
7395,AGCTTTACGTTCGA-1,8-9,0.26666666666666666,0.2750545410013482,0.06653238,False,0.06735778972506523
5394,TCCAGAGATGCTGA-1,4-5,0.0,0.0,0.08573766,True,0.06725120730698109
7447,AGGGACGATAGAGA-1,8-9,0.13333333333333333,0.0919694286195867,0.18542631,False,0.06706228572875261
5684,TGATATGAACGGAG-1,4-5,0.06666666666666667,0.046105120275897894,0.30220726,False,0.06702839210629463
7965,ATTAAGACCATGAC-1,8-9,0.2,0.26257864689819144,0.027589343,False,0.06735319830477238
5057,TAGGAGCTTGCTTT-1,4-5,0.2,0.17118036329258207,0.20727535,False,0.06759292911738157
11543,TATGTCACAAGTAG-1,8-9,0.13333333333333333,0.10053853795113993,0.617225,False,0.0670737624168396
1653,ATGTTAGATGTGGT-1,4-5,0.13333333333333333,0.09502729076358196,0.37014493,False,0.06716651935130358
10055,GATGCCCTCAGATC-1,8-9,0.06666666666666667,0.053821216022769555,0.20514886,False,0.06718810088932514
4100,GCTTGAGACCTTAT-1,4-5,0.06666666666666667,0.06600065503116892,0.29998493,False,0.06723488308489323
6435,AACGTGTGAGTGCT-1,8-9,0.06666666666666667,0.053821216022769555,0.17711414,False,0.0675955917686224
1862,CAACTTTGGCCAAT-1,4-5,0.13333333333333333,0.09125903642680894,0.3264,False,0.06700877007097006
9506,CTGGAAACGAAAGT-1,8-9,0.2,0.17096740545152958,0.45961154,False,0.06670589279383421
1042,AGCGAACTCAGAAA-1,4-5,0.0,0.0,0.67054266,True,0.06679907068610191
7539,AGTATCCTCACTAG-1,8-9,0.2,0.14985566200107542,0.61566496,False,0.06701045203953981
2899,CTAAACCTCGAGTT-1,4-5,0.0,0.0,0.4827735,True,0.06693135108798742
7324,AGCCGTCTTCCAGA-1,8-9,0.3333333333333333,0.26646270374065667,0.26782796,False,0.06685982830822468
1731,ATTGATGACTAGTG-1,4-5,0.06666666666666667,0.043668798524938345,0.76522213,False,0.06671126838773489
6272,AAACTTGACGACTA-1,8-9,0.0,0.0,0.29409453,True,0.06707961484789848
4668,GTGTAGTGTCTGGA-1,4-5,0.06666666666666667,0.043668798524938345,0.044112403,False,0.06702048610895872
11671,TCCACGTGGTCTGA-1,8-9,0.0,0.0,0.004883632,True,0.06704238429665565
3171,CTGGCACTACTGGT-1,4-5,0.0,0.0,0.060792953,True,0.06689701415598392
7203,AGACTTCTAGGAGC-1,8-9,0.13333333333333333,0.23660987330977368,0.010723848,False,0.0669908644631505
2474,CCCTGATGGGAAAT-1,4-5,0.0,0.0,0.3191135,True,0.0673470189794898
9932,GAGTAAGACGACTA-1,8-9,0.13333333333333333,0.0919694286195867,0.1329522,False,0.06698841601610184
5729,TGCACAGATCTCAT-1,4-5,0.06666666666666667,0.17060921827860476,0.16091806,False,0.06705541908740997
10465,GGACAACTCCTCAC-1,8-9,0.3333333333333333,0.31326188545316597,0.8659471,False,0.06687203980982304
1674,ATTACCACCATACG-1,4-5,0.2,0.18033189990288434,0.16264617,False,0.06719527207314968
9646,GAACAGCTTTGCAG-1,8-9,0.0,0.0,0.04505591,True,0.06697987392544746
1336,ATAACAACCGTAAC-1,4-5,0.2,0.2888970410363611,0.13817945,False,0.06716153305023909
8910,CGAAGACTGTAGGG-1,8-9,0.06666666666666667,0.043668798524938345,0.38502142,False,0.06707845721393824
3711,GATGCAACGTCGAT-1,4-5,0.0,0.0,0.42381635,True,0.06697078887373209
9222,CGTGTAGAAGTTCG-1,8-9,0.26666666666666666,0.3754963385976267,0.16475429,False,0.06705456413328648
2037,CACGGGACACACCA-1,4-5,0.0,0.0,0.10350707,True,0.06710210070014
8753,CCCGAACTGTTAGC-1-1,8-9,0.13333333333333333,0.0969073619518061,0.05665691,False,0.06723039876669645
4074,GCTCACTGTAGAGA-1,4-5,0.06666666666666667,0.06600065503116892,0.19775024,False,0.06776176672428846
10140,GCACGTCTGGTTTG-1,8-9,0.06666666666666667,0.0475902379018706,0.06281934,False,0.06742962077260017
1840,CAACCAGAGTGTTG-1,4-5,0.0,0.0,0.042439878,True,0.06709719076752663
9394,CTCAGGCTAGCAAA-1,8-9,0.13333333333333333,0.1569595560954746,0.116062455,False,0.06747184041887522
5725,TGCACAGAACGGGA-1,4-5,0.06666666666666667,0.10764243204553911,0.077600196,False,0.06694208458065987
6879,ACCTCGTGTCCTCG-1,8-9,0.0,0.0,0.04209213,True,0.06700446084141731
2192,CATAACCTTAAGGA-1,4-5,0.0,0.0,0.5623209,True,0.06687647011131048
10534,GGATACTGTAGACC-1,8-9,0.06666666666666667,0.05686973942620158,0.10813382,False,0.0673575047403574
504,ACAGTGTGGCTTCC-1,4-5,0.2,0.18393625701600652,0.3255394,False,0.06736249476671219
9618,GAAACAGAGTTTGG-1,8-9,0.13333333333333333,0.21992634232854028,0.11352644,False,0.06724263820797205
3641,GATAGAGACAGAAA-1,4-5,0.0,0.0,0.7031123,True,0.06726214848458767
12294,TTATGGCTTTGAGC-1,8-9,0.13333333333333333,0.15131123057047743,1.0366231,False,0.06686296314001083
992,AGCAAAGAAGAACA-1,4-5,0.0,0.0,0.44522804,True,0.06690490152686834
7506,AGGTTGTGAACGAA-1,8-9,0.13333333333333333,0.27825165032414384,0.21728006,False,0.06691269110888243
4633,GTGCAAACGATAAG-1,4-5,0.6,0.6826260387348201,0.19730777,False,0.06688798312097788
8922,CGAATCGAGAGAGC-1,8-9,0.3333333333333333,0.4087189120902996,0.4025306,False,0.06688178703188896
2959,CTACTATGTTATCC-1,4-5,0.0,0.0,0.41748694,True,0.06686955597251654
7816,ATCGTTTGCTCGAA-1,8-9,0.3333333333333333,0.4442035883232774,0.54841614,False,0.06699035596102476
3735,GATTCTACGGGTGA-1,4-5,0.2,0.2093226033256753,0.025326325,False,0.0670402841642499
7374,AGCTGAACGAAACA-1,8-9,0.06666666666666667,0.049317124049935504,0.054712772,False,0.06717811431735754
3766,GCAAACTGGTACCA-1,4-5,0.0,0.0,0.18829642,True,0.0670555830001831
8210,CACAATCTACGCAT-1,8-9,0.06666666666666667,0.06600065503116892,0.24863869,False,0.06659757159650326
3162,CTGGAAACGCCTTC-1,4-5,0.06666666666666667,0.08530460913930238,0.23059958,False,0.06699313875287771
11063,GTTCAACTGACAAA-1,8-9,0.26666666666666666,0.33242508711983215,0.4242736,False,0.06738642230629921
5024,TAGAGCACGAATCC-1,4-5,0.06666666666666667,0.04265230456965119,0.53350174,False,0.06708254292607307
11845,TCTTACGATCAGTG-1,8-9,0.0,0.0,0.7624068,True,0.06748056691139936
277,AAGGTCTGCATTTC-1,4-5,0.06666666666666667,0.046105120275897894,0.4119372,False,0.06701166834682226
8625,CCACGGGACGTAGT-1,8-9,0.13333333333333333,0.11714618942876005,0.064479664,False,0.06693186704069376
1270,AGTCGCCTCACTGA-1,4-5,0.06666666666666667,0.049317124049935504,0.18451229,False,0.06701107695698738
9232,CGTTAGGACGCAAT-1,8-9,0.0,0.0,0.10471243,True,0.0671101463958621
417,AATTGTGAAAGGTA-1,4-5,0.0,0.0,0.18056601,True,0.0668878061696887
10289,GCCTGACTTTCGCC-1,8-9,0.13333333333333333,0.09125903642680894,0.02290839,False,0.06761233229190111
696,ACGGAACTGTGTCA-1,4-5,0.13333333333333333,0.23660987330977368,0.024089769,False,0.06702821794897318
6318,AAATCCCTGGAGCA-1,8-9,0.4,0.38100204460326637,0.07943264,False,0.06680547632277012
132,AACCGCCTATCGTG-1,4-5,0.06666666666666667,0.06600065503116892,0.051334217,False,0.06725812796503305
9500,CTGCCAACATTTCC-1,8-9,0.2,0.13767959533323315,0.018248618,False,0.06673974264413118
4432,GTACAGTGCGGAGA-1,4-5,0.06666666666666667,0.046105120275897894,0.119886875,False,0.06701773963868618
11338,TAGACGTGTGATGC-1,8-9,0.06666666666666667,0.10764243204553911,0.7047926,False,0.06703704316169024
6173,TTGCTATGAGACTC-1,4-5,0.13333333333333333,0.0936953581777685,0.18011557,False,0.06731022894382477
10694,GGGTAACTAGCAAA-1,8-9,0.0,0.0,0.1573329,True,0.06713455822318792
2362,CCAGAAACTGGAGG-1,4-5,0.06666666666666667,0.10764243204553911,0.22364691,False,0.06680245418101549
11814,TCTAGACTAGAACA-1,8-9,0.06666666666666667,0.0475902379018706,0.4619653,False,0.06722682807594538
1028,AGCCGGACGAGGTG-1,4-5,0.2,0.1622348157493708,0.13942523,False,0.06686280574649572
6996,ACGTCAGAAAGCAA-1,8-9,0.0,0.0,0.80387497,True,0.06686114612966776
80,AAATGTTGATAAGG-1,4-5,0.2,0.20831804833411824,0.04741407,False,0.06721960287541151
12011,TGCCACTGACACAC-1,8-9,0.0,0.0,0.588793,True,0.06696332711726427
306,AAGTGGCTGTCTGA-1,4-5,0.13333333333333333,0.0924006697558052,0.65050054,False,0.06706554256379604
10233,GCCATCACCAACCA-1,8-9,0.06666666666666667,0.06600065503116892,0.40884,False,0.06720948405563831
5018,TAGAGAGACTGAGT-1,4-5,0.13333333333333333,0.13424962064154208,0.68849283,False,0.0672499081119895
7187,AGACTCGAAACGGG-1,8-9,0.3333333333333333,0.4301486805139274,0.1834191,False,0.06685498170554638
1503,ATCGAGTGTTCGCC-1,4-5,0.0,0.0,0.024285093,True,0.0673774192109704
11268,TACGCGCTTATCTC-1,8-9,0.2,0.1417177938057407,0.11175728,False,0.0670655807480216
1072,AGCGGGCTCCATGA-1,4-5,0.0,0.0,0.5378312,True,0.06710253655910492
12444,TTGCTAACGAGGCA-1,8-9,0.13333333333333333,0.1267728847688893,0.38494486,False,0.06748749408870935
1251,AGTATAACTCGCTC-1,4-5,0.26666666666666666,0.3533774399324487,0.33508897,False,0.06712335906922817
11374,TAGGAGCTCCCAAA-1,8-9,0.0,0.0,0.45284936,True,0.06707677338272333
2961,CTACTCCTACTGTG-1,4-5,0.0,0.0,0.36686128,True,0.06715421192348003
12162,TGTATCTGCTCAGA-1,8-9,0.2,0.1779184191664804,0.032993607,False,0.06746108084917068
2327,CCAAGTGAGTCATG-1,4-5,0.13333333333333333,0.1929470411848415,0.28704005,False,0.0671972380951047
9138,CGGCGAACCATTTC-1,8-9,0.06666666666666667,0.05135849223864361,0.52916837,False,0.06718216650187969
5136,TAGTTAGATCGATG-1,4-5,0.0,0.0,0.18083844,True,0.06689186673611403
9442,CTCGAGCTCCGATA-1,8-9,0.0,0.0,0.4733354,True,0.06705343723297119
5181,TATCACTGTCGCTC-1,4-5,0.0,0.0,0.010857135,True,0.06721784826368093
8197,CAATGGACGGACTT-1,8-9,0.06666666666666667,0.053821216022769555,0.28608125,False,0.0668658260256052
5730,TGCACGCTAATGCC-1,4-5,0.06666666666666667,0.0475902379018706,0.5377557,False,0.06703012250363827
7499,AGGTGTTGGGTCAT-1,8-9,0.3333333333333333,0.4188218444008821,0.39331597,False,0.06708124186843634
583,ACCCTCGATGGTAC-1,4-5,0.13333333333333333,0.09125903642680894,0.20354217,False,0.066841428168118
12247,TTACTCGATGACTG-1,8-9,0.06666666666666667,0.049317124049935504,0.5406029,False,0.06722965091466904
4919,TACGCAGAGATACC-1,4-5,0.06666666666666667,0.0475902379018706,0.39083564,False,0.06718597747385502
10389,GCTAGAACGACAGG-1,8-9,0.26666666666666666,0.32752542543960617,0.28751782,False,0.06709372065961361
876,AGAATACTTAGCGT-1,4-5,0.0,0.0,0.24340868,True,0.0669290916994214
10192,GCATCAGATCGTAG-1,8-9,0.4,0.39239542147936174,0.16203678,False,0.06723015010356903
4113,GGAACTTGGACTAC-1,4-5,0.0,0.0,0.612326,True,0.0671046944335103
9349,CTATCATGAGAGAT-1,8-9,0.0,0.0,0.13739666,True,0.06719006411731243
5753,TGCCCAACACGGTT-1,4-5,0.2,0.1488485067863515,0.5206795,False,0.06697132717818022
8698,CCATGCTGCTTAGG-1,8-9,0.13333333333333333,0.21992634232854028,0.4835202,False,0.06736225448548794
5158,TATACCACCGGAGA-1,4-5,0.26666666666666666,0.20830110143281144,0.15167518,False,0.06693167611956596
12492,TTGTCATGTAAGCC-1,8-9,0.2,0.22746430309947757,0.2692479,False,0.06712377350777388
714,ACGGTAACATCGAC-1,4-5,0.06666666666666667,0.04265230456965119,0.09524262,False,0.06705336179584265
10961,GTGATCGAGACGGA-1,8-9,0.13333333333333333,0.1645121714717407,0.14658585,False,0.06727590598165989
4161,GGACGCACTTCCAT-1,4-5,0.06666666666666667,0.0475902379018706,0.052892633,False,0.06700771767646074
8169,CAAGTTCTGCAGAG-1,8-9,0.06666666666666667,0.05686973942620158,0.78887004,False,0.06723299343138933
3262,CTTTCAGACTATGG-1,4-5,0.06666666666666667,0.05686973942620158,0.08658073,False,0.067280656658113
8366,CAGACTGAAAGGCG-1,8-9,0.13333333333333333,0.15374755232143703,0.15704265,False,0.06731174513697624
218,AAGAAGACGTACAC-1,4-5,0.26666666666666666,0.20975981702561775,0.21711986,False,0.06724358163774014
9466,CTGACAGACCAATG-1,8-9,0.13333333333333333,0.0936953581777685,0.28347117,False,0.06711746379733086
3461,GACGCTCTGAGCAG-1,4-5,0.13333333333333333,0.1044410282626587,0.048797008,False,0.06741482671350241
7858,ATGAAGGAGACGAG-1,8-9,0.06666666666666667,0.07347739090382172,0.09630495,False,0.0672229053452611
6105,TTCCTAGACAACTG-1,4-5,0.26666666666666666,0.3757416648718518,0.3976787,False,0.06740287132561207
7441,AGGCTAACAGTGCT-1,8-9,0.2,0.2701312622744575,0.05140149,False,0.06746603827923536
458,ACACCCTGACTCAG-1,4-5,0.13333333333333333,0.10141145392464015,0.7876521,False,0.06722161453217268
8757,CCCGATTGATTCGG-1,8-9,0.26666666666666666,0.3781779866228113,0.22404258,False,0.06743221636861563
272,AAGGCTTGGGTTTG-1,4-5,0.4,0.490021175391936,0.026691273,False,0.06722547300159931
10460,GGAATGCTTCGATG-1,8-9,0.2,0.3097350434406767,0.26370955,False,0.0672820694744587
5337,TCAGGATGCTATTC-1,4-5,0.06666666666666667,0.043668798524938345,0.2500155,False,0.06724251061677933
11901,TGACGATGTACGCA-1,8-9,0.13333333333333333,0.24408660918242647,0.8196964,False,0.06728006713092327
3250,CTTTAGACCGTACA-1,4-5,0.13333333333333333,0.21992634232854028,0.44033423,False,0.0669054165482521
8532,CATGCGCTCGCTAA-1,8-9,0.06666666666666667,0.04481043185393461,0.352938,False,0.06686574593186378
2789,CGGCATCTCCTACC-1,4-5,0.06666666666666667,0.046105120275897894,0.04338836,False,0.06717277597635984
7389,AGCTTACTCGCAAT-1,8-9,0.13333333333333333,0.08632110309458953,0.41134462,False,0.06706500798463821
2581,CCTTAATGCCTCGT-1,4-5,0.2,0.3320728663469134,0.038945064,False,0.0673573948442936
6377,AACATTGAATGGTC-1,8-9,0.13333333333333333,0.17364308707670803,0.51400167,False,0.06752978637814522
1738,ATTGCACTACCGAT-1,4-5,0.0,0.0,0.14225629,True,0.06715894024819136
8859,CCTATAACATACCG-1,8-9,0.0,0.0,0.26575574,True,0.06685130298137665
5698,TGATTCACGGTGTT-1,4-5,0.3333333333333333,0.35511662030858865,0.9255002,False,0.06688989140093327
9662,GAACTGTGATGCCA-1,8-9,0.06666666666666667,0.053821216022769555,0.119933456,False,0.06709140446037054
2787,CGGCACGACTCCCA-1,4-5,0.13333333333333333,0.10687735001361826,0.45547223,False,0.06713883392512798
10322,GCGCACGATCCGAA-1,8-9,0.06666666666666667,0.049317124049935504,0.14953849,False,0.06716815568506718
5752,TGCCCAACAACGGG-1,4-5,0.0,0.0,0.13395321,True,0.06708708219230175
12267,TTAGGGTGCTCTTA-1,8-9,0.06666666666666667,0.06077222973772036,0.13288893,False,0.06703716516494751
2867,CGTGAAACTGGCAT-1,4-5,0.13333333333333333,0.1513052641704713,0.2984554,False,0.06716286204755306
9066,CGCGATCTCCTGTC-1,8-9,0.0,0.0,0.4146327,True,0.06727508176118135
5632,TGACGATGGTCCTC-1,4-5,0.0,0.0,0.37963876,True,0.06737282127141953
9120,CGGAGGCTGGGACA-1,8-9,0.2,0.2737475583513098,0.30750775,False,0.06719502061605453
1563,ATGAAACTCTTGAG-1,4-5,0.26666666666666666,0.31467297677289613,0.2099728,False,0.06714397948235273
9870,GAGCATACAGGTCT-1,8-9,0.0,0.0,0.057914674,True,0.06698975525796413
1898,CAAGGACTTGATGC-1,4-5,0.13333333333333333,0.12106762880569233,0.24854511,False,0.06681220605969429
9541,CTTAACACTTTGGG-1,8-9,0.0,0.0,0.19069937,True,0.06715073436498642
5064,TAGGCAACCCTGAA-1,4-5,0.0,0.0,0.39509064,True,0.0668560853227973
10621,GGCTAAACACCTAG-1,8-9,0.0,0.0,0.12505478,True,0.06728384178131819
4571,GTCCAGCTGCTAAC-1,4-5,0.26666666666666666,0.31839450983463885,0.15194851,False,0.0669791828840971
6558,AAGTAGGAAGATCC-1,8-9,0.2,0.1689755147332684,0.8454882,False,0.06704862136393785
4584,GTCGCACTAACCTG-1,4-5,0.06666666666666667,0.08530460913930238,0.27858636,False,0.06710421852767467
11197,TAATGCCTCCCAAA-1,8-9,0.06666666666666667,0.10764243204553911,0.26266372,False,0.06705664843320847
4107,GGAACACTTAGACC-1,4-5,0.06666666666666667,0.06077222973772036,0.06390708,False,0.06702800281345844
6543,AAGGCTTGTGCCAA-1,8-9,0.0,0.0,0.36120516,True,0.06754964683204889
5650,TGACTTTGATCACG-1,4-5,0.06666666666666667,0.04481043185393461,0.6167029,False,0.06742266938090324
8341,CACTTTGAAATGCC-1,8-9,0.13333333333333333,0.22747895770480633,0.62766314,False,0.06744053307920694
813,ACTGGCCTCTCTAT-1,4-5,0.13333333333333333,0.09746361251454151,0.01022375,False,0.06730828247964382
11037,GTTAGGTGCCTTTA-1,8-9,0.06666666666666667,0.06077222973772036,0.6385287,False,0.06729455012828112
62,AAATCAACTGTGCA-1,4-5,0.13333333333333333,0.21427801680354308,0.37042484,False,0.06701818387955427
6475,AAGAAGACTGGAGG-1,8-9,0.4,0.36164436145143375,0.43869582,False,0.06703432556241751
4867,TAATGTGACCCACT-1,4-5,0.0,0.0,0.34297705,True,0.06716667767614126
11005,GTGTACGAGGAGGT-1,8-9,0.0,0.0,0.0751834,True,0.06709952838718891
1631,ATGGTGACACCCTC-1,4-5,0.2,0.16029427373357313,0.12171199,False,0.06688333861529827
7548,AGTCAGACTGTGAC-1,8-9,0.0,0.0,0.19572489,True,0.06719657219946384
2582,CCTTAATGGCTGTA-1,4-5,0.13333333333333333,0.1524528638994737,0.025255576,False,0.06731584854424
12302,TTCAACACCCACAA-1,8-9,0.13333333333333333,0.24408660918242647,0.48108017,False,0.06724046729505062
2682,CGAGGGCTGGTCAT-1,4-5,0.0,0.0,0.16586308,True,0.06676850374788046
8845,CCTAAACTTTCGGA-1,8-9,0.13333333333333333,0.21427801680354308,0.45776337,False,0.06685777101665735
6157,TTGAGGTGAAGCAA-1,4-5,0.13333333333333333,0.1082282316648452,0.018529642,False,0.06681253481656313
11910,TGACGCCTGCTAAC-1,8-9,0.13333333333333333,0.11008935378765586,0.22117779,False,0.06698009744286537
1469,ATCATCTGTTTACC-1,4-5,0.13333333333333333,0.1587820000431241,0.2082592,False,0.06691354047507048
7057,ACTCCCGAAAGGTA-1,8-9,0.0,0.0,0.0020986646,True,0.0667650830000639
180,AACTACCTAGCATC-1,4-5,0.3333333333333333,0.30898485585999774,0.37720197,False,0.06710014678537846
7909,ATGCGCCTAAGAGT-1,8-9,0.2,0.1764522506059212,0.7750257,False,0.06731852050870657
3987,GCGAGAGATGAGGG-1,4-5,0.06666666666666667,0.043668798524938345,0.028295413,False,0.06706921197474003
12333,TTCATGACATCGAC-1,8-9,0.13333333333333333,0.15131123057047743,0.16838534,False,0.0672940006479621
5459,TCGAATCTAGCCTA-1,4-5,0.3333333333333333,0.38216115807791107,0.71146375,False,0.06718002073466778
6936,ACGCCACTATGCCA-1,8-9,0.06666666666666667,0.046105120275897894,0.61875516,False,0.0670873373746872
1091,AGCTGTGAACTGTG-1,4-5,0.13333333333333333,0.13424962064154208,0.3172131,False,0.06761898752301931
11423,TAGTCACTAGAGTA-1-1,8-9,0.0,0.0,0.12129759,True,0.06701103411614895
5306,TCACGAGAAATCGC-1,4-5,0.06666666666666667,0.06600065503116892,0.24980082,False,0.0670515913516283
7809,ATCGGAACCGACTA-1,8-9,0.0,0.0,1.1529696,True,0.06739871297031641
3862,GCAGTCCTTTCTCA-1,4-5,0.13333333333333333,0.15900092428418272,0.20482951,False,0.06740876659750938
7516,AGTAAGGATGCTGA-1,8-9,0.2,0.1856081128801857,0.28506997,False,0.06718428060412407
1692,ATTATGGACTGAAC-1,4-5,0.13333333333333333,0.1645121714717407,0.0550931,False,0.06704865023493767
6491,AAGATGGACTTGTT-1,8-9,0.0,0.0,0.014950119,True,0.06713739037513733
749,ACGTTACTCCTGAA-1,4-5,0.13333333333333333,0.25591382741790714,0.30155608,False,0.06729598622769117
11055,GTTATCTGTTCTCA-1,8-9,0.13333333333333333,0.11008935378765586,0.45114753,False,0.06736918166279793
1476,ATCCAGGATAAGGA-1,4-5,0.06666666666666667,0.10764243204553911,0.14515999,False,0.06689318548887968
9498,CTGCCAACACCTAG-1,8-9,0.3333333333333333,0.252363398156132,0.39819986,False,0.06733978725969791
3252,CTTTAGACGAATGA-1,4-5,0.06666666666666667,0.05686973942620158,0.39134327,False,0.06719388719648123
10039,GATCTACTGGTATC-1,8-9,0.13333333333333333,0.1929470411848415,0.15957978,False,0.06737924832850695
1011,AGCACTGAGGGAGT-1,4-5,0.2,0.15624319750269072,0.1157826,False,0.06730585545301437
7453,AGGGCCACCGCATA-1,8-9,0.0,0.0,0.6815403,True,0.06720966007560492
4290,GGGAAGACGTCTTT-1,4-5,0.4,0.4358496214272036,0.4974218,False,0.06748794484883547
9351,CTATCATGGCTGTA-1,8-9,0.2,0.17865709916523487,0.39351985,False,0.06672442145645618
253,AAGCGACTTAGTCG-1,4-5,0.06666666666666667,0.10764243204553911,0.10082388,False,0.06714216340333223
6801,ACCACAGAATGCCA-1,8-9,0.26666666666666666,0.2221951290947227,0.3124214,False,0.06718916539102793
5439,TCCGGACTACCATG-1,4-5,0.13333333333333333,0.11828782275775633,0.20774777,False,0.06721250806003809
7368,AGCTCGCTCCTATT-1,8-9,0.13333333333333333,0.0969073619518061,0.13953193,False,0.06703314930200577
3104,CTGAAGTGTCCCGT-1,4-5,0.06666666666666667,0.08530460913930238,0.02588503,False,0.06748680397868156
8634,CCACTGTGTTCCAT-1,8-9,0.2,0.18482665313515514,0.35174844,False,0.06733671016991138
4992,TACTTGACGTTGGT-1,4-5,0.3333333333333333,0.48642665392081674,0.09929702,False,0.06715696677565575
7354,AGCGGCACGGAGCA-1,8-9,0.13333333333333333,0.08875742484554909,0.29507694,False,0.06777022778987885
3379,GAATTAACTCAGAC-1,4-5,0.0,0.0,0.31725988,True,0.06718544755131006
8896,CCTTCACTCTCCAC-1,8-9,0.06666666666666667,0.046105120275897894,0.0017011054,False,0.06733261048793793
1332,ATAAACACCGTCTC-1,4-5,0.06666666666666667,0.0475902379018706,0.08911503,False,0.0671407449990511
9496,CTGCAGCTGGTGAG-1,8-9,0.0,0.0,0.5277665,True,0.06720715202391148
3816,GCACGGTGGCGGAA-1,4-5,0.06666666666666667,0.05686973942620158,0.67618024,False,0.06715468782931566
10531,GGAGTTTGTGGAAA-1,8-9,0.06666666666666667,0.07347739090382172,0.21804656,False,0.0674286363646388
3684,GATCGATGTGCCCT-1,4-5,0.13333333333333333,0.27825165032414384,0.020860218,False,0.06716314237564802
9337,CTATAGCTAGGAGC-1,8-9,0.2,0.18827946884140184,0.28374183,False,0.06687310244888067
2463,CCCTAGTGGTCTAG-1,4-5,0.4666666666666667,0.5746708500894331,0.36166146,False,0.06710124295204878
10122,GCACCACTGTATCG-1,8-9,0.0,0.0,0.18293315,True,0.0671576363965869
3473,GACGTATGAAGGGC-1,4-5,0.4,0.37915208496703046,0.45596808,False,0.06712748389691114
12435,TTGCATTGCCTATT-1,8-9,0.2,0.1988955020723419,0.57449716,False,0.06711122486740351
6187,TTGGGAACTGGCAT-1,4-5,0.0,0.0,0.21002504,True,0.06636906694620848
6566,AAGTATACAAGCAA-1,8-9,0.0,0.0,0.2042629,True,0.06723772082477808
720,ACGGTCCTACACTG-1-1,4-5,0.06666666666666667,0.17060921827860476,0.3850416,False,0.06666434183716774
6628,AATCCTACACGTAC-1,8-9,0.0,0.0,0.3522841,True,0.06685111299157143
3525,GAGATGCTCTTACT-1,4-5,0.13333333333333333,0.08875742484554909,0.43601668,False,0.06691894680261612
8091,CAAAGCTGTAGTCG-1,8-9,0.06666666666666667,0.05686973942620158,0.07825283,False,0.06711286399513483
595,ACCTATTGATGACC-1,4-5,0.0,0.0,0.18667705,True,0.0671684006229043
9252,CTAACACTTAGACC-1,8-9,0.13333333333333333,0.2313814480163251,0.3411544,False,0.06703425385057926
5893,TGTAACCTGGAACG-1,4-5,0.13333333333333333,0.10836246763959095,0.47783652,False,0.06726391240954399
8148,CAAGGACTGAACTC-1,8-9,0.06666666666666667,0.043668798524938345,0.3376357,False,0.06709683686494827
1597,ATGCCAGATCGTGA-1,4-5,0.0,0.0,0.27897993,True,0.06728070043027401
7189,AGACTCGACGACAT-1,8-9,0.0,0.0,0.20279285,True,0.06731051299721003
4431,GTACAGTGCATTTC-1,4-5,0.26666666666666666,0.20460892585234586,0.40472373,False,0.06755970697849989
6257,AAACGCACACTCAG-1,8-9,0.06666666666666667,0.07347739090382172,0.3971485,False,0.06729871314018965
5383,TCCACGTGGTTTGG-1,4-5,0.0,0.0,0.7634347,True,0.06716149486601353
9096,CGCTCATGGGATTC-1,8-9,0.0,0.0,0.5534413,True,0.06707046460360289
1395,ATACTCTGTTAGGC-1,4-5,0.4,0.37002116936206314,0.067276634,False,0.0668689263984561
9764,GACATTCTTCCTGC-1-1,8-9,0.0,0.0,0.0048760697,True,0.06713069882243872
1324,AGTTTGCTACGTAC-1,4-5,0.06666666666666667,0.08530460913930238,0.20380272,False,0.06725956499576569
8842,CCTAAACTAGAGTA-1,8-9,0.06666666666666667,0.17060921827860476,0.57807475,False,0.0671847453340888
2262,CATGTTACGCATAC-1,4-5,0.2,0.3048588389201468,0.18308324,False,0.06737068574875593
9100,CGGAATTGCATGCA-1,8-9,0.13333333333333333,0.21541965013253936,0.35939586,False,0.06737141124904156
1311,AGTTCTTGCTGCAA-1,4-5,0.5333333333333333,0.6054345122726249,0.080688305,False,0.06720976531505585
8422,CAGGTAACATTCCT-1,8-9,0.0,0.0,0.037519965,True,0.06737654097378254
3267,CTTTGATGTCGACA-1,4-5,0.06666666666666667,0.04481043185393461,0.084997624,False,0.0672753294929862
11456,TATAAGACCAATCG-1,8-9,0.13333333333333333,0.14217434856550396,0.45946297,False,0.06712951231747866
932,AGAGCGGAAACCAC-1,4-5,0.06666666666666667,0.06077222973772036,0.20001467,False,0.06712007243186235
11722,TCCGGACTTCTAGG-1,8-9,0.13333333333333333,0.1502947366151903,0.47731954,False,0.06716344598680735
3740,GATTCTTGACCCTC-1,4-5,0.06666666666666667,0.053821216022769555,0.037099663,False,0.06677563767880201
6769,ACAGTGTGCTTGTT-1,8-9,0.0,0.0,0.31060743,True,0.06685366109013557
1396,ATAGAACTAGCAAA-1,4-5,0.4,0.4172288895668521,0.39798063,False,0.06681860610842705
12091,TGGATTCTCCATAG-1,8-9,0.13333333333333333,0.12483588314246533,0.29001877,False,0.06685968954116106
4422,GTAATATGAAGCAA-1,4-5,0.0,0.0,0.3364678,True,0.06704574823379517
11837,TCTCTAGATAGACC-1,8-9,0.06666666666666667,0.04265230456965119,0.29030797,False,0.06678918283432722
3101,CTGAAGTGACAGCT-1,4-5,0.0,0.0,0.31374133,True,0.06701679807156324
12157,TGTATCTGACGGTT-1,8-9,0.13333333333333333,0.1645121714717407,0.074402,False,0.06723106652498245
2976,CTAGGCCTTGGTCA-1,4-5,0.06666666666666667,0.053821216022769555,0.02670499,False,0.0673768874257803
8719,CCCAACTGACCATG-1,8-9,0.06666666666666667,0.08530460913930238,0.117604434,False,0.06766866520047188
3616,GAGTACTGTGATGC-1,4-5,0.13333333333333333,0.22747895770480633,0.045350917,False,0.06737697124481201
11847,TCTTACGATTGTCT-1,8-9,0.26666666666666666,0.3485465865104987,0.09823484,False,0.0672946060076356
373,AATGAGGAATGCTG-1,4-5,0.26666666666666666,0.32250624846838827,0.17382507,False,0.0671314001083374
8868,CCTCATCTGAAGGC-1,8-9,0.13333333333333333,0.21819945618047537,0.3470089,False,0.06714246422052383
1927,CAATATGATCGTAG-1,4-5,0.13333333333333333,0.11069095544897115,0.06700842,False,0.06730376090854406
10656,GGGACCTGAAAGTG-1,8-9,0.2,0.15072857797457567,0.07038678,False,0.06709213834255934
3246,CTTGTATGTGATGC-1,4-5,0.0,0.0,0.28990757,True,0.06735854223370552
7222,AGAGCGGATCAGAC-1,8-9,0.0,0.0,0.2561471,True,0.06680558621883392
5329,TCAGCAGACATACG-1,4-5,0.06666666666666667,0.049317124049935504,0.34713677,False,0.06690169125795364
7319,AGCCGGTGTAACCG-1,8-9,0.13333333333333333,0.1346217331892379,0.7549653,False,0.06700453162193298
1078,AGCGTAACTATTCC-1,4-5,0.0,0.0,0.28163373,True,0.06718858610838652
11941,TGAGGTACATACCG-1,8-9,0.0,0.0,0.7361239,True,0.06708982400596142
1733,ATTGATGACTCTTA-1,4-5,0.13333333333333333,0.1587820000431241,0.2529155,False,0.06718154903501272
7221,AGAGCGGATAGAAG-1,8-9,0.06666666666666667,0.05135849223864361,0.019042091,False,0.0672848541289568
5838,TGGATGTGTTCTGT-1,4-5,0.2,0.2737475583513098,0.30136177,False,0.06713113561272621
8184,CAATATGAATGTCG-1,8-9,0.13333333333333333,0.11359089293303952,0.25200424,False,0.06710332445800304
4790,TAACACCTTCGATG-1,4-5,0.06666666666666667,0.06600065503116892,0.09385665,False,0.06703388784080744
11734,TCCTAATGGACAGG-1,8-9,0.06666666666666667,0.053821216022769555,0.045226797,False,0.0671529034152627
7,AAACCGTGAAGGGC-1,4-5,0.0,0.0,0.052424982,True,0.06697641871869564
8820,CCGGAGACACACGT-1,8-9,0.13333333333333333,0.11612969547347292,0.34951258,False,0.0670269401744008
4811,TAAGAGGACGCATA-1,4-5,0.13333333333333333,0.10053853795113993,0.25828534,False,0.06713594123721123
9716,GAATGCTGCCTCGT-1,8-9,0.0,0.0,0.10542494,True,0.06717621069401503
1810,ATTTGCACTTGCGA-1,4-5,0.26666666666666666,0.21004263891972713,0.18808237,False,0.06729271169751883
9629,GAAAGCCTAAGCAA-1,8-9,0.13333333333333333,0.22747895770480633,0.60668766,False,0.06703157350420952
1999,CACCGGGATATCGG-1,4-5,0.4,0.43025947320949653,0.22662906,False,0.06740002892911434
8495,CATCATACGGACGA-1,8-9,0.06666666666666667,0.049317124049935504,0.06965904,False,0.06740700267255306
1411,ATAGCTCTAAAGTG-1,4-5,0.06666666666666667,0.06600065503116892,0.014986591,False,0.07130591105669737
8170,CAATAAACACCGAT-1,8-9,0.2,0.15840132478697413,0.32012033,False,0.06705787498503923
4192,GGAGTTACGACGAG-1,4-5,0.13333333333333333,0.12279451495375723,0.045879573,False,0.07730680331587791
11928,TGAGCAACATGTGC-1,8-9,0.2,0.14664365822703782,0.058515802,False,0.07752308249473572
1445,ATATGCCTAAGTAG-1,4-5,0.13333333333333333,0.1513052641704713,0.41900784,False,0.08357051387429237
11510,TATCGACTTAGAGA-1,8-9,0.06666666666666667,0.06077222973772036,0.533537,False,0.08848775550723076
5911,TGTATCTGCAAAGA-1,4-5,0.13333333333333333,0.1513052641704713,0.008562118,False,0.06698855105787516
11212,TACACACTAGACTC-1,8-9,0.06666666666666667,0.10764243204553911,0.12517235,False,0.0895402692258358
3796,GCACACCTTCGTGA-1-1,4-5,0.06666666666666667,0.08530460913930238,0.3830986,False,0.09468169137835503
8787,CCCTGAACGCTGAT-1,8-9,0.26666666666666666,0.2180319211956982,0.30971915,False,0.09328244999051094
662,ACGCACCTCGGGAA-1,4-5,0.0,0.0,0.023987114,True,0.09770871978253126
11930,TGAGCAACGAACTC-1,8-9,0.0,0.0,0.15405443,True,0.09821619093418121
5797,TGGAACACTGCCTC-1,4-5,0.06666666666666667,0.04481043185393461,0.057095364,False,0.09941880498081446
7615,AGTTGTCTCTAGCA-1,8-9,0.13333333333333333,0.21541965013253936,0.5087792,False,0.10556614957749844
432,ACAAGAGAGTAAGA-1,4-5,0.13333333333333333,0.1346217331892379,0.016000196,False,0.10545646026730537
12098,TGGCAATGTCAAGC-1,8-9,0.0,0.0,0.123980224,True,0.14761841297149658
4227,GGCACTCTAAACGA-1,4-5,0.0,0.0,0.60988504,True,0.11055491678416729
8152,CAAGGACTTCAGGT-1,8-9,0.0,0.0,0.7265575,True,0.10664310585707426
485,ACAGCAACCAGTTG-1,4-5,0.2,0.208180969996679,0.30725178,False,0.1061949459835887
9413,CTCCATCTCTGTTT-1,8-9,0.06666666666666667,0.05686973942620158,0.15095243,False,0.11137228459119797
3345,GAAGGTCTCCGCTT-1,4-5,0.0,0.0,0.63893384,True,0.11199687235057354
9305,CTAGGATGATCGTG-1,8-9,0.06666666666666667,0.053821216022769555,0.03354366,False,0.16200551390647888
4703,GTTAGGTGTTCGTT-1,4-5,0.06666666666666667,0.049317124049935504,0.17876026,False,0.11636729445308447
12360,TTCCATGAGCCATA-1,8-9,0.0,0.0,0.79079646,True,0.16789544932544231
1985,CACATGGAGTACCA-1,4-5,0.2,0.16748818771211652,0.039606094,False,0.12145969923585653
10907,GTCCAGCTAGTGCT-1,8-9,0.06666666666666667,0.043668798524938345,1.0709964,False,0.11831649206578732
1654,ATGTTCACCAAAGA-1,4-5,0.0,0.0,0.3104674,True,0.1728316005319357
6487,AAGAGATGTGGTGT-1,8-9,0.06666666666666667,0.049317124049935504,0.06758836,False,0.20677335653454065
2602,CGAAGTACGATGAA-1,4-5,0.06666666666666667,0.0475902379018706,0.41870728,False,0.13828223943710327
6970,ACGGAGGATGCTAG-1,8-9,0.13333333333333333,0.09894873014051422,0.16504058,False,0.09457366913557053
5065,TAGGCATGACACAC-1,4-5,0.13333333333333333,0.16146364806830865,0.22445473,False,0.09550766926258802
10708,GGGTTATGGCCATA-1,8-9,0.13333333333333333,0.1289734076642407,0.2979179,False,0.09564240369945765
5033,TAGATTGAAAGCAA-1,4-5,0.13333333333333333,0.09502729076358196,0.2416794,False,0.09773246943950653
12542,TTTGCATGTTCTTG-1,8-9,0.2,0.30201894769380505,0.2940693,False,0.0995259378105402
1248,AGTATAACCGAACT-1,4-5,0.06666666666666667,0.049317124049935504,0.48894745,False,0.10047868173569441
10296,GCGACTCTTTAGGC-1,8-9,0.2,0.2879683655484173,0.09372729,False,0.10552045423537493
1299,AGTGTTCTTAGCGT-1,4-5,0.13333333333333333,0.136663101377946,0.44064856,False,0.10582910850644112
10030,GATCGATGTGAAGA-1,8-9,0.06666666666666667,0.053821216022769555,0.0004289752,False,0.1057362500578165
5816,TGGACTGAGGGACA-1,4-5,0.13333333333333333,0.1513052641704713,0.6736358,False,0.15129908919334412
8404,CAGCTCTGAATCGC-1,8-9,0.2,0.3275687743740794,0.16265687,False,0.10642345063388348
2404,CCATTAACGGGATG-1,4-5,0.13333333333333333,0.22747895770480633,0.18108407,False,0.11140857171267271
8403,CAGCTCACTAGAAG-1,8-9,0.26666666666666666,0.23807455530258614,0.7009106,False,0.11156698502600193
868,AGAACGCTTACGAC-1,4-5,0.06666666666666667,0.053821216022769555,0.11464026,False,0.1645444454625249
6256,AAACGCACAAGAGT-1,8-9,0.0,0.0,0.32876235,True,0.1168842138722539
5272,TCAAGTCTAAGAGT-1,4-5,0.0,0.0,0.41796413,True,0.11728796362876892
7171,AGACACACTGCTCC-1,8-9,0.13333333333333333,0.11828782275775633,0.19411908,False,0.1665190365165472
3819,GCACGTCTCCTGAA-1,4-5,0.06666666666666667,0.17060921827860476,1.3773966,False,0.11938899382948875
12223,TTACAGCTGCGATT-1,8-9,0.4,0.4229726164347367,0.10558371,False,0.11805245652794838
1896,CAAGGACTCCTACC-1,4-5,0.13333333333333333,0.08977391880083624,0.08174704,False,0.1674465611577034
12077,TGGAGGGAACTCAG-1,8-9,0.26666666666666666,0.2816523945004946,0.14850987,False,0.20359791535884142
3358,GAAGTCTGGTGCTA-1,4-5,0.0,0.0,0.10656445,True,0.18520597461611032
9885,GAGCGCTGCATGAC-1,8-9,0.26666666666666666,0.27227473495341215,0.36796844,False,0.11006223503500223
2444,CCCATGTGGGTTAC-1,4-5,0.2,0.20512648019324087,0.4054454,False,0.1088229650631547
8222,CACAGAACGCCTTC-1,8-9,0.0,0.0,0.4585925,True,0.11129153147339821
5255,TATTTCCTCTCAAG-1-1,4-5,0.06666666666666667,0.043668798524938345,0.3002993,False,0.1075369929894805
7287,AGCATCGACGTGAT-1,8-9,0.06666666666666667,0.05686973942620158,0.23147422,False,0.11018949747085571
4048,GCTACAGATGAAGA-1,4-5,0.13333333333333333,0.21427801680354308,0.092430174,False,0.16050751693546772
10639,GGCTCACTCCTACC-1,8-9,0.06666666666666667,0.05135849223864361,0.114475936,False,0.11247062124311924
5765,TGCGATGAGTTCTT-1,4-5,0.06666666666666667,0.043668798524938345,0.5289614,False,0.11436739098280668
8079,ATTTCTCTCCACCT-1,8-9,0.06666666666666667,0.17060921827860476,0.021043077,False,0.16487193200737238
2751,CGCGGATGCTCTAT-1,4-5,0.06666666666666667,0.06600065503116892,0.79182655,False,0.12277339491993189
7759,ATCACGGAGAAAGT-1,8-9,0.0,0.0,0.30982977,True,0.118892683647573
5944,TGTTACACGTAGGG-1,4-5,0.06666666666666667,0.046105120275897894,0.096844286,False,0.16811202093958855
6760,ACAGGTACGGTGTT-1,8-9,0.2,0.2882511874425267,0.26747796,False,0.21679751109331846
2147,CAGGGCACCATGGT-1,4-5,0.13333333333333333,0.13424962064154208,0.78281975,False,0.12845903635025024
9127,CGGCACGACGCTAA-1,8-9,0.06666666666666667,0.05135849223864361,0.14867595,False,0.1520982077345252
2151,CAGGTAACCCCGTT-1,4-5,0.2,0.14261752866545255,0.11119105,False,0.10635634884238243
6303,AAAGTTTGAGATGA-1,8-9,0.13333333333333333,0.15374755232143703,0.7838417,False,0.10686576925218105
1330,AGTTTGCTTCTTTG-1,4-5,0.0,0.0,0.472633,True,0.11166585795581341
11727,TCCTAAACTATTCC-1,8-9,0.06666666666666667,0.05686973942620158,0.05450821,False,0.11366073042154312
4372,GGTAGTACCCCTTG-1,4-5,0.06666666666666667,0.06077222973772036,0.04787892,False,0.16137775499373674
11729,TCCTAATGAAGATG-1,8-9,0.13333333333333333,0.09746361251454151,0.83479434,False,0.11307414341717958
934,AGAGCGGACTCGAA-1,4-5,0.06666666666666667,0.049317124049935504,0.5914633,False,0.11643973458558321
9535,CTTAACACAGCCTA-1,8-9,0.13333333333333333,0.11210577530706682,0.43998498,False,0.1715354649350047
361,AATCTAGAGTGTCA-1,4-5,0.0,0.0,0.3942591,True,0.11920947954058647
8967,CGAGCCGATGTCAG-1,8-9,0.2,0.2418920526870812,0.35474765,False,0.17551086377352476
525,ACCACAGAACAGCT-1,4-5,0.26666666666666666,0.2690902780718386,0.12800145,False,0.20755091402679682
8729,CCCAGACTCTCGCT-1,8-9,0.26666666666666666,0.3278689097365826,0.37642217,False,0.14545381627976894
2916,CTAACTACCCAATG-1,4-5,0.06666666666666667,0.17060921827860476,0.25719997,False,0.06705900095403194
9741,GACAGGGACTCGAA-1,8-9,0.0,0.0,0.0293701,True,0.0673460429534316
4223,GGCACGTGCACTAG-1-1,4-5,0.2,0.16069856603638782,0.002459772,False,0.06691524107009172
12123,TGGTCAGATAAAGG-1,8-9,0.06666666666666667,0.10764243204553911,0.056016985,False,0.06664176937192678
4217,GGATTTCTGTTAGC-1,4-5,0.06666666666666667,0.049317124049935504,0.47364238,False,0.17671401146799326
12350,TTCATTCTGCTCCT-1,8-9,0.26666666666666666,0.24107918297130754,0.008731339,False,0.15047667920589447
332,AATAGGGAGTCCTC-1,4-5,0.06666666666666667,0.17060921827860476,0.28924805,False,0.0762501023709774
9501,CTGCCAACGAGAGC-1,8-9,0.3333333333333333,0.28895508512998097,0.18848237,False,0.14376460202038288
5335,TCAGGATGAGCACT-1,4-5,0.0,0.0,0.1379999,True,0.07561575993895531
12381,TTCGTATGTTCCAT-1,8-9,0.0,0.0,0.09646368,True,0.07617190480232239
3758,GATTGGTGTGTTTC-1,4-5,0.06666666666666667,0.04481043185393461,0.7847446,False,0.093278419226408
8446,CAGTTACTCCTCGT-1-1,8-9,0.13333333333333333,0.09091555212983252,0.39584032,False,0.07608398701995611
1181,AGGTACACTGAGCT-1,4-5,0.13333333333333333,0.11828782275775633,0.3778649,False,0.13388169929385185
12461,TTGGAGTGCTTGAG-1,8-9,0.06666666666666667,0.06600065503116892,1.080152,False,0.12317424360662699
2731,CGCCATTGAAACAG-1,4-5,0.13333333333333333,0.1346217331892379,0.36359483,False,0.10472396202385426
8251,CACCGGGAAACGGG-1,8-9,0.0,0.0,0.017566906,True,0.103864511474967
2285,CATTGGGAGCGAAG-1,4-5,0.0,0.0,0.027716812,True,0.06716806348413229
10665,GGGATTACTCCCAC-1,8-9,0.2,0.21600489968513006,0.040880974,False,0.06695298384875059
422,ACAAATTGACCGAT-1,4-5,0.0,0.0,0.75119895,True,0.14270889479666948
8619,CCACCTGACACTAG-1,8-9,0.26666666666666666,0.2508332745663302,0.014748037,False,0.12161216512322426
155,AACGCAACAACGAA-1,4-5,0.06666666666666667,0.049317124049935504,0.11164112,False,0.0763076739385724
8070,ATTTCCGACGAGAG-1,8-9,0.06666666666666667,0.046105120275897894,0.014950618,False,0.07787992805242538
3476,GACGTATGGATAAG-1,4-5,0.06666666666666667,0.17060921827860476,0.40880728,False,0.07684558071196079
9358,CTATGACTTGACCA-1,8-9,0.26666666666666666,0.23722448034364155,0.05294728,False,0.07567968964576721
3760,GATTTAGACCCTAC-1,4-5,0.06666666666666667,0.053821216022769555,0.49581435,False,0.07662710268050432
11951,TGATAAACGAACTC-1,8-9,0.2,0.32939121832172885,0.2549733,False,0.1698318338021636
4938,TACGGCCTGTTTCT-1,4-5,0.06666666666666667,0.06077222973772036,0.029967599,False,0.07244858704507351
9265,CTAAGGACTCGTAG-1,8-9,0.0,0.0,0.20489542,True,0.07718151621520519
5708,TGCAAGACAGTCAC-1,4-5,0.3333333333333333,0.3333640469549426,0.35389107,False,0.07423960976302624
10238,GCCATGCTGTCTAG-1-1,8-9,0.3333333333333333,0.31356502658913926,1.2107763,False,0.07471851818263531
1194,AGGTCTGAGGAAGC-1,4-5,0.0,0.0,0.25280493,True,0.07653449941426516
11369,TAGGACTGCAGTTG-1,8-9,0.06666666666666667,0.05686973942620158,0.22257854,False,0.14346768241375685
3845,GCAGCTCTCAATCG-1,4-5,0.06666666666666667,0.0475902379018706,0.385528,False,0.20556057803332806
6514,AAGCCTGACCTACC-1,8-9,0.06666666666666667,0.04481043185393461,0.9848956,False,0.07669073902070522
6228,TTTCAGTGTCTTCA-1,4-5,0.06666666666666667,0.053821216022769555,0.019855373,False,0.0766197182238102
9421,CTCCGAACTATGGC-1,8-9,0.0,0.0,0.14834376,True,0.12895564641803503
3032,CTCAATTGGCGGAA-1,4-5,0.0,0.0,0.5069989,True,0.10551025252789259
9637,GAAATACTCAGTTG-1,8-9,0.26666666666666666,0.337781967360195,0.25800225,False,0.2753720013424754
5800,TGGAACTGAGAACA-1,4-5,0.13333333333333333,0.10517970826141315,0.027077928,False,0.21032712142914534
11778,TCGGACCTCTGGAT-1,8-9,0.13333333333333333,0.1267728847688893,0.1884759,False,0.10691513027995825
3103,CTGAAGTGTACGAC-1,4-5,0.2,0.1676808263113051,0.031745464,False,0.09924250096082687
9468,CTGACAGAGTAGGG-1,8-9,0.2,0.15489978564159046,0.6036919,False,0.08303953055292368
2319,CCAAGATGAGCGTT-1,4-5,0.0,0.0,0.093080744,True,0.1312629748135805
10683,GGGCCATGAGCGTT-1,8-9,0.2,0.20716447604139188,0.09169461,False,0.11103924550116062
1473,ATCATGCTTCTTAC-1,4-5,0.06666666666666667,0.0475902379018706,0.0056851134,False,0.0782171469181776
8789,CCCTGATGCGTGTA-1,8-9,0.13333333333333333,0.11735914726981254,0.7245087,False,0.13078676909208298
3659,GATATCCTAGGTCT-1,4-5,0.06666666666666667,0.0475902379018706,0.053591087,False,0.16378929559141397
6709,ACAAGAGAATTCCT-1,8-9,0.2,0.2366158397097798,0.09232046,False,0.1075685191899538
3654,GATATATGAGGCGA-1,4-5,0.0,0.0,0.1370604,True,0.06747058313339949
11942,TGAGGTACGAGGAC-1,8-9,0.0,0.0,0.3038519,True,0.06730944290757179
4137,GGACAGGAAGACTC-1,4-5,0.2,0.22377212751901202,0.24854413,False,0.067188854329288
9628,GAAAGATGTCGTGA-1,8-9,0.2,0.20817500359667288,0.20725556,False,0.06725610233843327
2666,CGAGCGTGGAGGGT-1,4-5,0.0,0.0,0.41109878,True,0.06725237611681223
6905,ACGACCCTCGTGTA-1,8-9,0.13333333333333333,0.10313834007270506,0.09924571,False,0.06751971319317818
2236,CATCGGCTTGAGAA-1,4-5,0.2,0.27578892654001796,0.113480374,False,0.0671127401292324
12327,TTCAGTTGAAGAGT-1,8-9,0.2,0.2740337525859763,0.36344618,False,0.06729264371097088
5735,TGCACGCTCTGACA-1,4-5,0.0,0.0,0.4110324,True,0.06733112875372171
9151,CGGTAAACATCTCT-1,8-9,0.4,0.3699940132975868,0.22501445,False,0.06707475893199444
4826,TAAGCGTGCTGTTT-1,4-5,0.4666666666666667,0.5826096825520084,0.2532481,False,0.06733078323304653
11157,TAAGCGTGATACCG-1-1,8-9,0.3333333333333333,0.26792424487378264,0.41673216,False,0.06714255828410387
4598,GTCTGAGATCTACT-1,4-5,0.0,0.0,0.056664575,True,0.06703458819538355
9669,GAAGATGAACCATG-1,8-9,0.13333333333333333,0.12106762880569233,0.08868597,False,0.06707250792533159
433,ACAAGAGATCCCAC-1,4-5,0.2,0.2737475583513098,0.21229607,False,0.06719447299838066
9130,CGGCATCTCGTCTC-1,8-9,0.06666666666666667,0.043668798524938345,0.23403853,False,0.06713906489312649
5996,TTAGCTACCTTGAG-1,4-5,0.06666666666666667,0.06600065503116892,0.35344583,False,0.0670757107436657
9406,CTCATTGAGCATAC-1,8-9,0.0,0.0,0.14860384,True,0.06705104932188988
3087,CTCTAAACTGTGCA-1,4-5,0.0,0.0,0.22822526,True,0.06686637829989195
11035,GTTACTACTGCTCC-1,8-9,0.06666666666666667,0.04265230456965119,0.010795988,False,0.06698954105377197
1960,CACAGAACAAACGA-1,4-5,0.0,0.0,0.39425033,True,0.06703481171280146
11748,TCGACCTGGTTGTG-1,8-9,0.06666666666666667,0.05135849223864361,0.073490925,False,0.06708881445229053
2880,CGTGTAGATCGACA-1,4-5,0.2,0.18183985854341267,0.2822156,False,0.06752766482532024
9449,CTGAACGAGCTGAT-1,8-9,0.0,0.0,0.3428362,True,0.06700852606445551
3670,GATCATCTTAGACC-1,4-5,0.2,0.15317289949352556,0.5743049,False,0.06697468645870686
9700,GAAGTCTGGCATAC-1,8-9,0.3333333333333333,0.27676302488423704,0.8562968,False,0.06716144923120737
4023,GCGGGACTTGTTCT-1,4-5,0.0,0.0,0.30145526,True,0.06692604627460241
11636,TCAGTGGATAACGC-1,8-9,0.13333333333333333,0.1303471303300233,1.0051316,False,0.06713546346873045
2537,CCTATAACGCGAAG-1,4-5,0.06666666666666667,0.07347739090382172,0.36428285,False,0.06708227749913931
6833,ACCATTTGTTCACT-1,8-9,0.06666666666666667,0.10764243204553911,0.04472871,False,0.06704384554177523
4424,GTAATATGGACAAA-1,4-5,0.2,0.1781313770075329,0.19132552,False,0.06738264206796885
10147,GCACTGCTCTATGG-1,8-9,0.0,0.0,0.10133907,True,0.06747337151318789
383,AATGCGTGGACACT-1,4-5,0.06666666666666667,0.05686973942620158,0.23033415,False,0.06752277817577124
8612,CCACCATGAGTCAC-1,8-9,0.0,0.0,0.26251572,True,0.07095144595950842
