query_index,query_id,timepoint
3175,CTGGCACTATTCTC-1,4-5
7113,ACTTAGCTTACGAC-1,8-9
4145,GGACCCGAGGTGGA-1,4-5
7787,ATCCGCACAGGAGC-1,8-9
1916,CAATAAACCGAGTT-1,4-5
10591,GGCCAGACGGTACT-1,8-9
182,AACTCACTAGCACT-1,4-5
10682,GGGCCATGAGAAGT-1,8-9
1464,ATCACTTGCGACTA-1,4-5
9828,GACGTCCTCTCAGA-1,8-9
2631,CGACCTACGGGCAA-1,4-5
10294,GCGACTCTTAGACC-1,8-9
3576,GAGGGCCTAACGTC-1,4-5
10620,GGCTAAACACACTG-1,8-9
5370,TCATGTACAAGCCT-1,4-5
12328,TTCAGTTGGGTGTT-1,8-9
4396,GGTGGAGATGGTTG-1,4-5
8026,ATTGAATGTAGTCG-1,8-9
928,AGAGAATGTCACCC-1,4-5
7101,ACTGGCCTTCACCC-1,8-9
1262,AGTCAGACGACTAC-1,4-5
9051,CGCCGAGACCGCTT-1,8-9
5186,TATCCAACCTGTAG-1,4-5
10086,GCAAACTGTCGCCT-1,8-9
2818,CGGGCATGTGCGTA-1,4-5
9497,CTGCAGCTTCAGAC-1,8-9
1864,CAAGAAGACAGAGG-1,4-5
11936,TGAGCTGATAAGCC-1,8-9
1288,AGTGCAACGTATGC-1,4-5
7059,ACTCCCGACAGTCA-1,8-9
637,ACGAGGGACTCTCG-1,4-5
9475,CTGAGAACGGTACT-1,8-9
5803,TGGAACTGGTTTGG-1,4-5
6610,AATAGGGAGGGCAA-1,8-9
2896,CGTTTAACTGAGAA-1,4-5
12253,TTAGACCTGTACAC-1,8-9
1485,ATCCTAACCCCTTG-1,4-5
6752,ACAGACACAGCGGA-1,8-9
5547,TCTAAGCTCTTCTA-1,4-5
7046,ACTATCACACCTCC-1,8-9
1277,AGTGAAGACCATAG-1,4-5
11071,GTTCATACAGTAGA-1,8-9
1537,ATCTACTGGCGATT-1,4-5
7619,AGTTTAGAGCGAGA-1,8-9
1218,AGTAAGGAGGGATG-1,4-5
11600,TCACGAGACGTTGA-1-1,8-9
181,AACTCACTACAGCT-1,4-5
9684,GAAGGGTGAGAGTA-1,8-9
5983,TTACTCGATCAGAC-1,4-5
12168,TGTCAGGAGATAAG-1,8-9
3401,GACAGTACCGTAGT-1,4-5
6612,AATAGGGATACGAC-1,8-9
942,AGAGCTACACGTAC-1,4-5
8104,CAACCGCTACACAC-1,8-9
1690,ATTAGTGAGGGATG-1,4-5
8173,CAATAAACCGAATC-1,8-9
3488,GACTCCTGGGACAG-1,4-5
8214,CACAATCTGTCATG-1,8-9
6152,TTGAGGACGCAGAG-1,4-5
8660,CCAGCTACATGTCG-1,8-9
1642,ATGTACCTTGGTCA-1,4-5
10197,GCATGTGAACTACG-1,8-9
1183,AGGTACTGACCTGA-1,4-5
6341,AAATTGACTAGTCG-1,8-9
2304,CATTTGACTCTCCG-1,4-5
7395,AGCTTTACGTTCGA-1,8-9
5394,TCCAGAGATGCTGA-1,4-5
7447,AGGGACGATAGAGA-1,8-9
5684,TGATATGAACGGAG-1,4-5
7965,ATTAAGACCATGAC-1,8-9
5057,TAGGAGCTTGCTTT-1,4-5
11543,TATGTCACAAGTAG-1,8-9
1653,ATGTTAGATGTGGT-1,4-5
10055,GATGCCCTCAGATC-1,8-9
4100,GCTTGAGACCTTAT-1,4-5
6435,AACGTGTGAGTGCT-1,8-9
1862,CAACTTTGGCCAAT-1,4-5
9506,CTGGAAACGAAAGT-1,8-9
1042,AGCGAACTCAGAAA-1,4-5
7539,AGTATCCTCACTAG-1,8-9
2899,CTAAACCTCGAGTT-1,4-5
7324,AGCCGTCTTCCAGA-1,8-9
1731,ATTGATGACTAGTG-1,4-5
6272,AAACTTGACGACTA-1,8-9
4668,GTGTAGTGTCTGGA-1,4-5
11671,TCCACGTGGTCTGA-1,8-9
3171,CTGGCACTACTGGT-1,4-5
7203,AGACTTCTAGGAGC-1,8-9
2474,CCCTGATGGGAAAT-1,4-5
9932,GAGTAAGACGACTA-1,8-9
5729,TGCACAGATCTCAT-1,4-5
10465,GGACAACTCCTCAC-1,8-9
1674,ATTACCACCATACG-1,4-5
9646,GAACAGCTTTGCAG-1,8-9
1336,ATAACAACCGTAAC-1,4-5
8910,CGAAGACTGTAGGG-1,8-9
3711,GATGCAACGTCGAT-1,4-5
9222,CGTGTAGAAGTTCG-1,8-9
2037,CACGGGACACACCA-1,4-5
8753,CCCGAACTGTTAGC-1-1,8-9
4074,GCTCACTGTAGAGA-1,4-5
10140,GCACGTCTGGTTTG-1,8-9
1840,CAACCAGAGTGTTG-1,4-5
9394,CTCAGGCTAGCAAA-1,8-9
5725,TGCACAGAACGGGA-1,4-5
6879,ACCTCGTGTCCTCG-1,8-9
2192,CATAACCTTAAGGA-1,4-5
10534,GGATACTGTAGACC-1,8-9
504,ACAGTGTGGCTTCC-1,4-5
9618,GAAACAGAGTTTGG-1,8-9
3641,GATAGAGACAGAAA-1,4-5
12294,TTATGGCTTTGAGC-1,8-9
992,AGCAAAGAAGAACA-1,4-5
7506,AGGTTGTGAACGAA-1,8-9
4633,GTGCAAACGATAAG-1,4-5
8922,CGAATCGAGAGAGC-1,8-9
2959,CTACTATGTTATCC-1,4-5
7816,ATCGTTTGCTCGAA-1,8-9
3735,GATTCTACGGGTGA-1,4-5
7374,AGCTGAACGAAACA-1,8-9
3766,GCAAACTGGTACCA-1,4-5
8210,CACAATCTACGCAT-1,8-9
3162,CTGGAAACGCCTTC-1,4-5
11063,GTTCAACTGACAAA-1,8-9
5024,TAGAGCACGAATCC-1,4-5
11845,TCTTACGATCAGTG-1,8-9
277,AAGGTCTGCATTTC-1,4-5
8625,CCACGGGACGTAGT-1,8-9
1270,AGTCGCCTCACTGA-1,4-5
9232,CGTTAGGACGCAAT-1,8-9
417,AATTGTGAAAGGTA-1,4-5
10289,GCCTGACTTTCGCC-1,8-9
696,ACGGAACTGTGTCA-1,4-5
6318,AAATCCCTGGAGCA-1,8-9
132,AACCGCCTATCGTG-1,4-5
9500,CTGCCAACATTTCC-1,8-9
4432,GTACAGTGCGGAGA-1,4-5
11338,TAGACGTGTGATGC-1,8-9
6173,TTGCTATGAGACTC-1,4-5
10694,GGGTAACTAGCAAA-1,8-9
2362,CCAGAAACTGGAGG-1,4-5
11814,TCTAGACTAGAACA-1,8-9
1028,AGCCGGACGAGGTG-1,4-5
6996,ACGTCAGAAAGCAA-1,8-9
80,AAATGTTGATAAGG-1,4-5
12011,TGCCACTGACACAC-1,8-9
306,AAGTGGCTGTCTGA-1,4-5
10233,GCCATCACCAACCA-1,8-9
5018,TAGAGAGACTGAGT-1,4-5
7187,AGACTCGAAACGGG-1,8-9
1503,ATCGAGTGTTCGCC-1,4-5
11268,TACGCGCTTATCTC-1,8-9
1072,AGCGGGCTCCATGA-1,4-5
12444,TTGCTAACGAGGCA-1,8-9
1251,AGTATAACTCGCTC-1,4-5
11374,TAGGAGCTCCCAAA-1,8-9
2961,CTACTCCTACTGTG-1,4-5
12162,TGTATCTGCTCAGA-1,8-9
2327,CCAAGTGAGTCATG-1,4-5
9138,CGGCGAACCATTTC-1,8-9
5136,TAGTTAGATCGATG-1,4-5
9442,CTCGAGCTCCGATA-1,8-9
5181,TATCACTGTCGCTC-1,4-5
8197,CAATGGACGGACTT-1,8-9
5730,TGCACGCTAATGCC-1,4-5
7499,AGGTGTTGGGTCAT-1,8-9
583,ACCCTCGATGGTAC-1,4-5
12247,TTACTCGATGACTG-1,8-9
4919,TACGCAGAGATACC-1,4-5
10389,GCTAGAACGACAGG-1,8-9
876,AGAATACTTAGCGT-1,4-5
10192,GCATCAGATCGTAG-1,8-9
4113,GGAACTTGGACTAC-1,4-5
9349,CTATCATGAGAGAT-1,8-9
5753,TGCCCAACACGGTT-1,4-5
8698,CCATGCTGCTTAGG-1,8-9
5158,TATACCACCGGAGA-1,4-5
12492,TTGTCATGTAAGCC-1,8-9
714,ACGGTAACATCGAC-1,4-5
10961,GTGATCGAGACGGA-1,8-9
4161,GGACGCACTTCCAT-1,4-5
8169,CAAGTTCTGCAGAG-1,8-9
3262,CTTTCAGACTATGG-1,4-5
8366,CAGACTGAAAGGCG-1,8-9
218,AAGAAGACGTACAC-1,4-5
9466,CTGACAGACCAATG-1,8-9
3461,GACGCTCTGAGCAG-1,4-5
7858,ATGAAGGAGACGAG-1,8-9
6105,TTCCTAGACAACTG-1,4-5
7441,AGGCTAACAGTGCT-1,8-9
458,ACACCCTGACTCAG-1,4-5
8757,CCCGATTGATTCGG-1,8-9
272,AAGGCTTGGGTTTG-1,4-5
10460,GGAATGCTTCGATG-1,8-9
5337,TCAGGATGCTATTC-1,4-5
11901,TGACGATGTACGCA-1,8-9
3250,CTTTAGACCGTACA-1,4-5
8532,CATGCGCTCGCTAA-1,8-9
2789,CGGCATCTCCTACC-1,4-5
7389,AGCTTACTCGCAAT-1,8-9
2581,CCTTAATGCCTCGT-1,4-5
6377,AACATTGAATGGTC-1,8-9
1738,ATTGCACTACCGAT-1,4-5
8859,CCTATAACATACCG-1,8-9
5698,TGATTCACGGTGTT-1,4-5
9662,GAACTGTGATGCCA-1,8-9
2787,CGGCACGACTCCCA-1,4-5
10322,GCGCACGATCCGAA-1,8-9
5752,TGCCCAACAACGGG-1,4-5
12267,TTAGGGTGCTCTTA-1,8-9
2867,CGTGAAACTGGCAT-1,4-5
9066,CGCGATCTCCTGTC-1,8-9
5632,TGACGATGGTCCTC-1,4-5
9120,CGGAGGCTGGGACA-1,8-9
1563,ATGAAACTCTTGAG-1,4-5
9870,GAGCATACAGGTCT-1,8-9
1898,CAAGGACTTGATGC-1,4-5
9541,CTTAACACTTTGGG-1,8-9
5064,TAGGCAACCCTGAA-1,4-5
10621,GGCTAAACACCTAG-1,8-9
4571,GTCCAGCTGCTAAC-1,4-5
6558,AAGTAGGAAGATCC-1,8-9
4584,GTCGCACTAACCTG-1,4-5
11197,TAATGCCTCCCAAA-1,8-9
4107,GGAACACTTAGACC-1,4-5
6543,AAGGCTTGTGCCAA-1,8-9
5650,TGACTTTGATCACG-1,4-5
8341,CACTTTGAAATGCC-1,8-9
813,ACTGGCCTCTCTAT-1,4-5
11037,GTTAGGTGCCTTTA-1,8-9
62,AAATCAACTGTGCA-1,4-5
6475,AAGAAGACTGGAGG-1,8-9
4867,TAATGTGACCCACT-1,4-5
11005,GTGTACGAGGAGGT-1,8-9
1631,ATGGTGACACCCTC-1,4-5
7548,AGTCAGACTGTGAC-1,8-9
2582,CCTTAATGGCTGTA-1,4-5
12302,TTCAACACCCACAA-1,8-9
2682,CGAGGGCTGGTCAT-1,4-5
8845,CCTAAACTTTCGGA-1,8-9
6157,TTGAGGTGAAGCAA-1,4-5
11910,TGACGCCTGCTAAC-1,8-9
1469,ATCATCTGTTTACC-1,4-5
7057,ACTCCCGAAAGGTA-1,8-9
180,AACTACCTAGCATC-1,4-5
7909,ATGCGCCTAAGAGT-1,8-9
3987,GCGAGAGATGAGGG-1,4-5
12333,TTCATGACATCGAC-1,8-9
5459,TCGAATCTAGCCTA-1,4-5
6936,ACGCCACTATGCCA-1,8-9
1091,AGCTGTGAACTGTG-1,4-5
11423,TAGTCACTAGAGTA-1-1,8-9
5306,TCACGAGAAATCGC-1,4-5
7809,ATCGGAACCGACTA-1,8-9
3862,GCAGTCCTTTCTCA-1,4-5
7516,AGTAAGGATGCTGA-1,8-9
1692,ATTATGGACTGAAC-1,4-5
6491,AAGATGGACTTGTT-1,8-9
749,ACGTTACTCCTGAA-1,4-5
11055,GTTATCTGTTCTCA-1,8-9
1476,ATCCAGGATAAGGA-1,4-5
9498,CTGCCAACACCTAG-1,8-9
3252,CTTTAGACGAATGA-1,4-5
10039,GATCTACTGGTATC-1,8-9
1011,AGCACTGAGGGAGT-1,4-5
7453,AGGGCCACCGCATA-1,8-9
4290,GGGAAGACGTCTTT-1,4-5
9351,CTATCATGGCTGTA-1,8-9
253,AAGCGACTTAGTCG-1,4-5
6801,ACCACAGAATGCCA-1,8-9
5439,TCCGGACTACCATG-1,4-5
7368,AGCTCGCTCCTATT-1,8-9
3104,CTGAAGTGTCCCGT-1,4-5
8634,CCACTGTGTTCCAT-1,8-9
4992,TACTTGACGTTGGT-1,4-5
7354,AGCGGCACGGAGCA-1,8-9
3379,GAATTAACTCAGAC-1,4-5
8896,CCTTCACTCTCCAC-1,8-9
1332,ATAAACACCGTCTC-1,4-5
9496,CTGCAGCTGGTGAG-1,8-9
3816,GCACGGTGGCGGAA-1,4-5
10531,GGAGTTTGTGGAAA-1,8-9
3684,GATCGATGTGCCCT-1,4-5
9337,CTATAGCTAGGAGC-1,8-9
2463,CCCTAGTGGTCTAG-1,4-5
10122,GCACCACTGTATCG-1,8-9
3473,GACGTATGAAGGGC-1,4-5
12435,TTGCATTGCCTATT-1,8-9
6187,TTGGGAACTGGCAT-1,4-5
6566,AAGTATACAAGCAA-1,8-9
720,ACGGTCCTACACTG-1-1,4-5
6628,AATCCTACACGTAC-1,8-9
3525,GAGATGCTCTTACT-1,4-5
8091,CAAAGCTGTAGTCG-1,8-9
595,ACCTATTGATGACC-1,4-5
9252,CTAACACTTAGACC-1,8-9
5893,TGTAACCTGGAACG-1,4-5
8148,CAAGGACTGAACTC-1,8-9
1597,ATGCCAGATCGTGA-1,4-5
7189,AGACTCGACGACAT-1,8-9
4431,GTACAGTGCATTTC-1,4-5
6257,AAACGCACACTCAG-1,8-9
5383,TCCACGTGGTTTGG-1,4-5
9096,CGCTCATGGGATTC-1,8-9
1395,ATACTCTGTTAGGC-1,4-5
9764,GACATTCTTCCTGC-1-1,8-9
1324,AGTTTGCTACGTAC-1,4-5
8842,CCTAAACTAGAGTA-1,8-9
2262,CATGTTACGCATAC-1,4-5
9100,CGGAATTGCATGCA-1,8-9
1311,AGTTCTTGCTGCAA-1,4-5
8422,CAGGTAACATTCCT-1,8-9
3267,CTTTGATGTCGACA-1,4-5
11456,TATAAGACCAATCG-1,8-9
932,AGAGCGGAAACCAC-1,4-5
11722,TCCGGACTTCTAGG-1,8-9
3740,GATTCTTGACCCTC-1,4-5
6769,ACAGTGTGCTTGTT-1,8-9
1396,ATAGAACTAGCAAA-1,4-5
12091,TGGATTCTCCATAG-1,8-9
4422,GTAATATGAAGCAA-1,4-5
11837,TCTCTAGATAGACC-1,8-9
3101,CTGAAGTGACAGCT-1,4-5
12157,TGTATCTGACGGTT-1,8-9
2976,CTAGGCCTTGGTCA-1,4-5
8719,CCCAACTGACCATG-1,8-9
3616,GAGTACTGTGATGC-1,4-5
11847,TCTTACGATTGTCT-1,8-9
373,AATGAGGAATGCTG-1,4-5
8868,CCTCATCTGAAGGC-1,8-9
1927,CAATATGATCGTAG-1,4-5
10656,GGGACCTGAAAGTG-1,8-9
3246,CTTGTATGTGATGC-1,4-5
7222,AGAGCGGATCAGAC-1,8-9
5329,TCAGCAGACATACG-1,4-5
7319,AGCCGGTGTAACCG-1,8-9
1078,AGCGTAACTATTCC-1,4-5
11941,TGAGGTACATACCG-1,8-9
1733,ATTGATGACTCTTA-1,4-5
7221,AGAGCGGATAGAAG-1,8-9
5838,TGGATGTGTTCTGT-1,4-5
8184,CAATATGAATGTCG-1,8-9
4790,TAACACCTTCGATG-1,4-5
11734,TCCTAATGGACAGG-1,8-9
7,AAACCGTGAAGGGC-1,4-5
8820,CCGGAGACACACGT-1,8-9
4811,TAAGAGGACGCATA-1,4-5
9716,GAATGCTGCCTCGT-1,8-9
1810,ATTTGCACTTGCGA-1,4-5
9629,GAAAGCCTAAGCAA-1,8-9
1999,CACCGGGATATCGG-1,4-5
8495,CATCATACGGACGA-1,8-9
1411,ATAGCTCTAAAGTG-1,4-5
8170,CAATAAACACCGAT-1,8-9
4192,GGAGTTACGACGAG-1,4-5
11928,TGAGCAACATGTGC-1,8-9
1445,ATATGCCTAAGTAG-1,4-5
11510,TATCGACTTAGAGA-1,8-9
5911,TGTATCTGCAAAGA-1,4-5
11212,TACACACTAGACTC-1,8-9
3796,GCACACCTTCGTGA-1-1,4-5
8787,CCCTGAACGCTGAT-1,8-9
662,ACGCACCTCGGGAA-1,4-5
11930,TGAGCAACGAACTC-1,8-9
5797,TGGAACACTGCCTC-1,4-5
7615,AGTTGTCTCTAGCA-1,8-9
432,ACAAGAGAGTAAGA-1,4-5
12098,TGGCAATGTCAAGC-1,8-9
4227,GGCACTCTAAACGA-1,4-5
8152,CAAGGACTTCAGGT-1,8-9
485,ACAGCAACCAGTTG-1,4-5
9413,CTCCATCTCTGTTT-1,8-9
3345,GAAGGTCTCCGCTT-1,4-5
9305,CTAGGATGATCGTG-1,8-9
4703,GTTAGGTGTTCGTT-1,4-5
12360,TTCCATGAGCCATA-1,8-9
1985,CACATGGAGTACCA-1,4-5
10907,GTCCAGCTAGTGCT-1,8-9
1654,ATGTTCACCAAAGA-1,4-5
6487,AAGAGATGTGGTGT-1,8-9
2602,CGAAGTACGATGAA-1,4-5
6970,ACGGAGGATGCTAG-1,8-9
5065,TAGGCATGACACAC-1,4-5
10708,GGGTTATGGCCATA-1,8-9
5033,TAGATTGAAAGCAA-1,4-5
12542,TTTGCATGTTCTTG-1,8-9
1248,AGTATAACCGAACT-1,4-5
10296,GCGACTCTTTAGGC-1,8-9
1299,AGTGTTCTTAGCGT-1,4-5
10030,GATCGATGTGAAGA-1,8-9
5816,TGGACTGAGGGACA-1,4-5
8404,CAGCTCTGAATCGC-1,8-9
2404,CCATTAACGGGATG-1,4-5
8403,CAGCTCACTAGAAG-1,8-9
868,AGAACGCTTACGAC-1,4-5
6256,AAACGCACAAGAGT-1,8-9
5272,TCAAGTCTAAGAGT-1,4-5
7171,AGACACACTGCTCC-1,8-9
3819,GCACGTCTCCTGAA-1,4-5
12223,TTACAGCTGCGATT-1,8-9
1896,CAAGGACTCCTACC-1,4-5
12077,TGGAGGGAACTCAG-1,8-9
3358,GAAGTCTGGTGCTA-1,4-5
9885,GAGCGCTGCATGAC-1,8-9
2444,CCCATGTGGGTTAC-1,4-5
8222,CACAGAACGCCTTC-1,8-9
5255,TATTTCCTCTCAAG-1-1,4-5
7287,AGCATCGACGTGAT-1,8-9
4048,GCTACAGATGAAGA-1,4-5
10639,GGCTCACTCCTACC-1,8-9
5765,TGCGATGAGTTCTT-1,4-5
8079,ATTTCTCTCCACCT-1,8-9
2751,CGCGGATGCTCTAT-1,4-5
7759,ATCACGGAGAAAGT-1,8-9
5944,TGTTACACGTAGGG-1,4-5
6760,ACAGGTACGGTGTT-1,8-9
2147,CAGGGCACCATGGT-1,4-5
9127,CGGCACGACGCTAA-1,8-9
2151,CAGGTAACCCCGTT-1,4-5
6303,AAAGTTTGAGATGA-1,8-9
1330,AGTTTGCTTCTTTG-1,4-5
11727,TCCTAAACTATTCC-1,8-9
4372,GGTAGTACCCCTTG-1,4-5
11729,TCCTAATGAAGATG-1,8-9
934,AGAGCGGACTCGAA-1,4-5
9535,CTTAACACAGCCTA-1,8-9
361,AATCTAGAGTGTCA-1,4-5
8967,CGAGCCGATGTCAG-1,8-9
525,ACCACAGAACAGCT-1,4-5
8729,CCCAGACTCTCGCT-1,8-9
2916,CTAACTACCCAATG-1,4-5
9741,GACAGGGACTCGAA-1,8-9
4223,GGCACGTGCACTAG-1-1,4-5
12123,TGGTCAGATAAAGG-1,8-9
4217,GGATTTCTGTTAGC-1,4-5
12350,TTCATTCTGCTCCT-1,8-9
332,AATAGGGAGTCCTC-1,4-5
9501,CTGCCAACGAGAGC-1,8-9
5335,TCAGGATGAGCACT-1,4-5
12381,TTCGTATGTTCCAT-1,8-9
3758,GATTGGTGTGTTTC-1,4-5
8446,CAGTTACTCCTCGT-1-1,8-9
1181,AGGTACACTGAGCT-1,4-5
12461,TTGGAGTGCTTGAG-1,8-9
2731,CGCCATTGAAACAG-1,4-5
8251,CACCGGGAAACGGG-1,8-9
2285,CATTGGGAGCGAAG-1,4-5
10665,GGGATTACTCCCAC-1,8-9
422,ACAAATTGACCGAT-1,4-5
8619,CCACCTGACACTAG-1,8-9
155,AACGCAACAACGAA-1,4-5
8070,ATTTCCGACGAGAG-1,8-9
3476,GACGTATGGATAAG-1,4-5
9358,CTATGACTTGACCA-1,8-9
3760,GATTTAGACCCTAC-1,4-5
11951,TGATAAACGAACTC-1,8-9
4938,TACGGCCTGTTTCT-1,4-5
9265,CTAAGGACTCGTAG-1,8-9
5708,TGCAAGACAGTCAC-1,4-5
10238,GCCATGCTGTCTAG-1-1,8-9
1194,AGGTCTGAGGAAGC-1,4-5
11369,TAGGACTGCAGTTG-1,8-9
3845,GCAGCTCTCAATCG-1,4-5
6514,AAGCCTGACCTACC-1,8-9
6228,TTTCAGTGTCTTCA-1,4-5
9421,CTCCGAACTATGGC-1,8-9
3032,CTCAATTGGCGGAA-1,4-5
9637,GAAATACTCAGTTG-1,8-9
5800,TGGAACTGAGAACA-1,4-5
11778,TCGGACCTCTGGAT-1,8-9
3103,CTGAAGTGTACGAC-1,4-5
9468,CTGACAGAGTAGGG-1,8-9
2319,CCAAGATGAGCGTT-1,4-5
10683,GGGCCATGAGCGTT-1,8-9
1473,ATCATGCTTCTTAC-1,4-5
8789,CCCTGATGCGTGTA-1,8-9
3659,GATATCCTAGGTCT-1,4-5
6709,ACAAGAGAATTCCT-1,8-9
3654,GATATATGAGGCGA-1,4-5
11942,TGAGGTACGAGGAC-1,8-9
4137,GGACAGGAAGACTC-1,4-5
9628,GAAAGATGTCGTGA-1,8-9
2666,CGAGCGTGGAGGGT-1,4-5
6905,ACGACCCTCGTGTA-1,8-9
2236,CATCGGCTTGAGAA-1,4-5
12327,TTCAGTTGAAGAGT-1,8-9
5735,TGCACGCTCTGACA-1,4-5
9151,CGGTAAACATCTCT-1,8-9
4826,TAAGCGTGCTGTTT-1,4-5
11157,TAAGCGTGATACCG-1-1,8-9
4598,GTCTGAGATCTACT-1,4-5
9669,GAAGATGAACCATG-1,8-9
433,ACAAGAGATCCCAC-1,4-5
9130,CGGCATCTCGTCTC-1,8-9
5996,TTAGCTACCTTGAG-1,4-5
9406,CTCATTGAGCATAC-1,8-9
3087,CTCTAAACTGTGCA-1,4-5
11035,GTTACTACTGCTCC-1,8-9
1960,CACAGAACAAACGA-1,4-5
11748,TCGACCTGGTTGTG-1,8-9
2880,CGTGTAGATCGACA-1,4-5
9449,CTGAACGAGCTGAT-1,8-9
3670,GATCATCTTAGACC-1,4-5
9700,GAAGTCTGGCATAC-1,8-9
4023,GCGGGACTTGTTCT-1,4-5
11636,TCAGTGGATAACGC-1,8-9
2537,CCTATAACGCGAAG-1,4-5
6833,ACCATTTGTTCACT-1,8-9
4424,GTAATATGGACAAA-1,4-5
10147,GCACTGCTCTATGG-1,8-9
383,AATGCGTGGACACT-1,4-5
8612,CCACCATGAGTCAC-1,8-9
